-- Sucursal
INSERT INTO Sucursal(idSucursal,nombre,rfc,codigopostal,estado,calle,numeroExt,telefono,correo) VALUES (1,'Zathin','WBOL996324UJJ','33562','Chiapas','Russell',565,'9941255995','hrecher0@domainmarket.com');
INSERT INTO Sucursal(idSucursal,nombre,rfc,codigopostal,estado,calle,numeroExt,telefono,correo) VALUES (2,'Otcom','NELK338534S6K','95240','Queretaro','Vidon',917,'0944363593','mlongbothom1@ted.com');
INSERT INTO Sucursal(idSucursal,nombre,rfc,codigopostal,estado,calle,numeroExt,telefono,correo) VALUES (3,'Duobam','JRAN188032Y3D','79822','Coahuila','Chive',439,'6548466373','troubay2@mail.ru');
INSERT INTO Sucursal(idSucursal,nombre,rfc,codigopostal,estado,calle,numeroExt,telefono,correo) VALUES (4,'Daltfresh','SLXO241749514','98545','Estado de Mexico','Hooker',405,'3962508562','snice3@mapquest.com');
INSERT INTO Sucursal(idSucursal,nombre,rfc,codigopostal,estado,calle,numeroExt,telefono,correo) VALUES (5,'Zathin','FQBQ6186447HI','43640','Sinaloa','Tony',785,'7265354295','gmanis4@npr.org');

--Persona
INSERT INTO Persona(curp,nombre,apellidoPaterno,apellidoMaterno,fechanacimiento,codigopostal,estado,calle,numeroExt,telefono,correo) VALUES ('YYKR237365FBNFDZG7','Thaddeus','Measom','Bodicum','1929-02-15','59497','Puebla','Fulton',568,'4950455391','tbodicum0@live.com');
INSERT INTO Persona(curp,nombre,apellidoPaterno,apellidoMaterno,fechanacimiento,codigopostal,estado,calle,numeroExt,telefono,correo) VALUES ('HYYN819653BOZNAMB9','Perry','Scruton','Bristow','1953-07-29','84054','Baja California','Morning',852,'8686253810','pbristow1@psu.edu');
INSERT INTO Persona(curp,nombre,apellidoPaterno,apellidoMaterno,fechanacimiento,codigopostal,estado,calle,numeroExt,telefono,correo) VALUES ('VEYY005756DWVCKAQ0','Raimondo','Brunker','Ollett','1994-10-27','69381','Nuevo Leon','Badeau',181,'0847895516','rollett2@msu.edu');
INSERT INTO Persona(curp,nombre,apellidoPaterno,apellidoMaterno,fechanacimiento,codigopostal,estado,calle,numeroExt,telefono,correo) VALUES ('JMXU732448WNSEMIU1','Zachery','Filgate','Life','1989-02-26','24307','Quintana Roo','Eagan',952,'9630646239','zlife3@jiathis.com');
INSERT INTO Persona(curp,nombre,apellidoPaterno,apellidoMaterno,fechanacimiento,codigopostal,estado,calle,numeroExt,telefono,correo) VALUES ('CQRQ687173MDFLXJZ5','Lexi','Itzhaiek','Chamney','1968-07-20','63140','San Luis Potosi','Kropf',358,'8844593145','lchamney4@dmoz.org');
INSERT INTO Persona(curp,nombre,apellidoPaterno,apellidoMaterno,fechanacimiento,codigopostal,estado,calle,numeroExt,telefono,correo) VALUES ('LQUW431029CNDZGDI7','Vasily','Freeth','Rylands','1980-03-13','21239','Ciudad de Mexico','Bartillon',784,'6043152627','vrylands5@businessinsider.com');
INSERT INTO Persona(curp,nombre,apellidoPaterno,apellidoMaterno,fechanacimiento,codigopostal,estado,calle,numeroExt,telefono,correo) VALUES ('BGTO614896CZJYTKS2','Mort','Tremaine','Chambers','1972-01-09','21595','Nuevo Leon','Texas',487,'8782779579','mchambers6@networksolutions.com');
INSERT INTO Persona(curp,nombre,apellidoPaterno,apellidoMaterno,fechanacimiento,codigopostal,estado,calle,numeroExt,telefono,correo) VALUES ('IHYS472390FFLYSTU5','Melessa','Alesbrook','Faldo','1996-03-01','63453','Jalisco','Londonderry',665,'6132137146','mfaldo7@alexa.com');
INSERT INTO Persona(curp,nombre,apellidoPaterno,apellidoMaterno,fechanacimiento,codigopostal,estado,calle,numeroExt,telefono,correo) VALUES ('WGLY222821QMXHJNT6','Dulcea','Ezzy','Marjot','1972-07-08','97151','Colima','Summerview',577,'7143081534','dmarjot8@huffingtonpost.com');
INSERT INTO Persona(curp,nombre,apellidoPaterno,apellidoMaterno,fechanacimiento,codigopostal,estado,calle,numeroExt,telefono,correo) VALUES ('VXAS568846SLPUDTM4','Aldo','Drawmer','Fransson','1988-12-01','98459','Tamaulipas','Milwaukee',456,'9709402077','afransson9@pagesperso-orange.fr');
INSERT INTO Persona(curp,nombre,apellidoPaterno,apellidoMaterno,fechanacimiento,codigopostal,estado,calle,numeroExt,telefono,correo) VALUES ('BWEW476614ILRUYRI2','Janette','Blandamore','Pallin','1948-11-14','57340','Sonora','High Crossing',578,'5950328155','jpallina@theguardian.com');
INSERT INTO Persona(curp,nombre,apellidoPaterno,apellidoMaterno,fechanacimiento,codigopostal,estado,calle,numeroExt,telefono,correo) VALUES ('KYDO570991SLNTUTJ5','Tabbie','Boobyer','Dyble','1938-02-20','88669','Tlaxcala','Prairieview',176,'9922911527','tdybleb@linkedin.com');
INSERT INTO Persona(curp,nombre,apellidoPaterno,apellidoMaterno,fechanacimiento,codigopostal,estado,calle,numeroExt,telefono,correo) VALUES ('DUBL749266EWJEEML2','Carmel','Wassung','Dearden','1970-11-14','29031','Nayarit','Vidon',248,'8538868927','cdeardenc@furl.net');
INSERT INTO Persona(curp,nombre,apellidoPaterno,apellidoMaterno,fechanacimiento,codigopostal,estado,calle,numeroExt,telefono,correo) VALUES ('MGQL948231GJJFUMP7','Gauthier','Van Rembrandt','McCurry','1944-01-08','11114','Campeche','Scott',493,'3631436211','gmccurryd@engadget.com');
INSERT INTO Persona(curp,nombre,apellidoPaterno,apellidoMaterno,fechanacimiento,codigopostal,estado,calle,numeroExt,telefono,correo) VALUES ('DLLA916432FFYAESW0','Anallese','Skones','Willishire','1932-12-12','37032','Yucatan','Mallard',33,'5983878031','awillishiree@usda.gov');
INSERT INTO Persona(curp,nombre,apellidoPaterno,apellidoMaterno,fechanacimiento,codigopostal,estado,calle,numeroExt,telefono,correo) VALUES ('ZNPK934724SGCDVIB2','Laetitia','Topling','Rollin','2004-04-16','39716','Nayarit','Forest Dale',853,'1487493093','lrollinf@blogs.com');
INSERT INTO Persona(curp,nombre,apellidoPaterno,apellidoMaterno,fechanacimiento,codigopostal,estado,calle,numeroExt,telefono,correo) VALUES ('LKLO412720RFBZVZH2','Gaynor','Strete','Lantoph','1999-04-16','68223','Sonora','Twin Pines',29,'3759674655','glantophg@homestead.com');
INSERT INTO Persona(curp,nombre,apellidoPaterno,apellidoMaterno,fechanacimiento,codigopostal,estado,calle,numeroExt,telefono,correo) VALUES ('YTQR515703KYORVNX0','Coleman','Fenwick','Allsobrook','1976-08-30','53793','Yucatan','Bay',674,'8604814072','callsobrookh@booking.com');
INSERT INTO Persona(curp,nombre,apellidoPaterno,apellidoMaterno,fechanacimiento,codigopostal,estado,calle,numeroExt,telefono,correo) VALUES ('TXEC326117EDBZSJW4','Karly','Bison','Shilliday','1942-05-23','83610','Yucatan','Orin',3,'7577669266','kshillidayi@google.nl');
INSERT INTO Persona(curp,nombre,apellidoPaterno,apellidoMaterno,fechanacimiento,codigopostal,estado,calle,numeroExt,telefono,correo) VALUES ('SABQ648945JEVASMM5','Jaquith','Jent','Aish','1949-06-12','60056','Nuevo Leon','Sugar',538,'2827782134','jaishj@apache.org');
INSERT INTO Persona(curp,nombre,apellidoPaterno,apellidoMaterno,fechanacimiento,codigopostal,estado,calle,numeroExt,telefono,correo) VALUES ('HEEP254346MKGRNPD9','Zora','Proske','Wiszniewski','1983-10-22','79938','Colima','Lindbergh',294,'1905927180','zwiszniewskik@studiopress.com');
INSERT INTO Persona(curp,nombre,apellidoPaterno,apellidoMaterno,fechanacimiento,codigopostal,estado,calle,numeroExt,telefono,correo) VALUES ('TTIT236509JQQFBZV6','Dorry','Geertz','Southon','1967-04-08','42393','Nuevo Leon','Southridge',379,'5241252296','dsouthonl@seesaa.net');
INSERT INTO Persona(curp,nombre,apellidoPaterno,apellidoMaterno,fechanacimiento,codigopostal,estado,calle,numeroExt,telefono,correo) VALUES ('PTJV012724ULFHNWD7','Rebeca','Blencowe','O''Flannery','1976-08-03','13304','Tamaulipas','Memorial',364,'9132183649','roflannerym@army.mil');
INSERT INTO Persona(curp,nombre,apellidoPaterno,apellidoMaterno,fechanacimiento,codigopostal,estado,calle,numeroExt,telefono,correo) VALUES ('HARG025205XLHEDDH4','Roscoe','Storres','Brakewell','1947-10-30','93099','Sinaloa','Scoville',972,'3446523316','rbrakewelln@nationalgeographic.com');
INSERT INTO Persona(curp,nombre,apellidoPaterno,apellidoMaterno,fechanacimiento,codigopostal,estado,calle,numeroExt,telefono,correo) VALUES ('ALSL166356ZZHYQBA5','Evonne','Haisell','Soitoux','1968-07-02','03044','Aguascalientes','Little Fleur',575,'6574267178','esoitouxo@rambler.ru');
INSERT INTO Persona(curp,nombre,apellidoPaterno,apellidoMaterno,fechanacimiento,codigopostal,estado,calle,numeroExt,telefono,correo) VALUES ('YGRV965353QDMHZTV4','Paton','Steels','Bearcroft','1935-03-25','99660','Guanajuato','Superior',512,'8654510923','pbearcroftp@ted.com');
INSERT INTO Persona(curp,nombre,apellidoPaterno,apellidoMaterno,fechanacimiento,codigopostal,estado,calle,numeroExt,telefono,correo) VALUES ('NXSD215437QPQEGQB1','Derwin','Fontaine','Figgen','1990-09-18','48723','Hidalgo','Maywood',959,'2563236202','dfiggenq@jiathis.com');
INSERT INTO Persona(curp,nombre,apellidoPaterno,apellidoMaterno,fechanacimiento,codigopostal,estado,calle,numeroExt,telefono,correo) VALUES ('AAGW233180QISTGRL5','Tonia','Dilke','Haggerwood','1987-11-23','70227','Estado de Mexico','Old Shore',545,'6755774153','thaggerwoodr@pen.io');
INSERT INTO Persona(curp,nombre,apellidoPaterno,apellidoMaterno,fechanacimiento,codigopostal,estado,calle,numeroExt,telefono,correo) VALUES ('HFAL403867NDIGVGQ8','Prescott','Gartsyde','Kellie','1995-10-22','08967','Campeche','Fair Oaks',938,'6523949744','pkellies@webs.com');
INSERT INTO Persona(curp,nombre,apellidoPaterno,apellidoMaterno,fechanacimiento,codigopostal,estado,calle,numeroExt,telefono,correo) VALUES ('YRRX521639BIKWOZQ9','Cart','Figure','Lambshine','1936-01-25','04274','Guerrero','Logan',24,'4633026796','clambshinet@tinypic.com');
INSERT INTO Persona(curp,nombre,apellidoPaterno,apellidoMaterno,fechanacimiento,codigopostal,estado,calle,numeroExt,telefono,correo) VALUES ('GWUJ115937EPWQPAM4','Angeline','Rolfo','Mewe','1964-02-11','75048','Coahuila','Sommers',715,'5517885738','ameweu@t.co');
INSERT INTO Persona(curp,nombre,apellidoPaterno,apellidoMaterno,fechanacimiento,codigopostal,estado,calle,numeroExt,telefono,correo) VALUES ('GCWO959088ZBVIKNM3','Doll','Booeln','Gledhill','1959-03-15','48324','Veracruz','Sundown',269,'3575171533','dgledhillv@google.com.au');
INSERT INTO Persona(curp,nombre,apellidoPaterno,apellidoMaterno,fechanacimiento,codigopostal,estado,calle,numeroExt,telefono,correo) VALUES ('GCYN335176JZPYWEV7','Davide','Lidierth','Matthews','1929-07-29','83457','Queretaro','Randy',731,'4201930174','dmatthewsw@telegraph.co.uk');
INSERT INTO Persona(curp,nombre,apellidoPaterno,apellidoMaterno,fechanacimiento,codigopostal,estado,calle,numeroExt,telefono,correo) VALUES ('QFJL859078WNQOAJP8','Ignatius','Bassom','Harbisher','1996-01-18','80285','San Luis Potosi','Springs',504,'3033084532','iharbisherx@state.gov');
INSERT INTO Persona(curp,nombre,apellidoPaterno,apellidoMaterno,fechanacimiento,codigopostal,estado,calle,numeroExt,telefono,correo) VALUES ('VTJB405064XIFKYZZ0','Dianne','Trevaskis','Fairey','1972-09-27','75664','Yucatan','Vernon',700,'6958386355','dfaireyy@instagram.com');
INSERT INTO Persona(curp,nombre,apellidoPaterno,apellidoMaterno,fechanacimiento,codigopostal,estado,calle,numeroExt,telefono,correo) VALUES ('ATHT928364NIECVSB9','Agustin','Ikins','Izzard','1957-07-17','94150','Nuevo Leon','Grover',529,'9720126195','aizzardz@abc.net.au');
INSERT INTO Persona(curp,nombre,apellidoPaterno,apellidoMaterno,fechanacimiento,codigopostal,estado,calle,numeroExt,telefono,correo) VALUES ('FJVE527295EZNTRVZ3','Gabbie','Janssens','Cleobury','1929-10-28','16226','Baja California','Continental',505,'1344509610','gcleobury10@salon.com');
INSERT INTO Persona(curp,nombre,apellidoPaterno,apellidoMaterno,fechanacimiento,codigopostal,estado,calle,numeroExt,telefono,correo) VALUES ('IWPD274181VBLSEPW9','Dag','O''Crotty','Kinane','2001-07-20','05669','Sonora','Merchant',505,'3384028630','dkinane11@wsj.com');
INSERT INTO Persona(curp,nombre,apellidoPaterno,apellidoMaterno,fechanacimiento,codigopostal,estado,calle,numeroExt,telefono,correo) VALUES ('RLET513245ZVMVZNV4','Miran','Blatherwick','Kinneally','1947-08-29','58666','Chiapas','Anniversary',760,'4300628606','mkinneally12@slashdot.org');
INSERT INTO Persona(curp,nombre,apellidoPaterno,apellidoMaterno,fechanacimiento,codigopostal,estado,calle,numeroExt,telefono,correo) VALUES ('ZUYA165363HWKZZOU5','Consuela','Culverhouse','Dilloway','1976-08-09','07385','Quintana Roo','Wayridge',738,'7131425462','cdilloway13@bloglovin.com');
INSERT INTO Persona(curp,nombre,apellidoPaterno,apellidoMaterno,fechanacimiento,codigopostal,estado,calle,numeroExt,telefono,correo) VALUES ('AVRC592773VBWUNMI9','Lorette','Bye','Haydon','1990-05-04','89593','Hidalgo','Michigan',939,'1246557614','lhaydon14@netvibes.com');
INSERT INTO Persona(curp,nombre,apellidoPaterno,apellidoMaterno,fechanacimiento,codigopostal,estado,calle,numeroExt,telefono,correo) VALUES ('TQLV283675KYLQDAC5','Hazlett','Devorill','Ahmad','2000-06-15','68291','Baja California Sur','Pine View',861,'2401014078','hahmad15@foxnews.com');
INSERT INTO Persona(curp,nombre,apellidoPaterno,apellidoMaterno,fechanacimiento,codigopostal,estado,calle,numeroExt,telefono,correo) VALUES ('GKTY575218XRSVYHD8','Diannne','Gudgin','Dymocke','1939-01-23','88333','San Luis Potosi','Monterey',11,'8064989439','ddymocke16@blogs.com');
INSERT INTO Persona(curp,nombre,apellidoPaterno,apellidoMaterno,fechanacimiento,codigopostal,estado,calle,numeroExt,telefono,correo) VALUES ('SECO785044AGGNNAO5','Querida','Gilbertson','Axtell','1935-03-04','98463','Estado de Mexico','Valley Edge',872,'5463903914','qaxtell17@4shared.com');
INSERT INTO Persona(curp,nombre,apellidoPaterno,apellidoMaterno,fechanacimiento,codigopostal,estado,calle,numeroExt,telefono,correo) VALUES ('SCFQ598279TKCBJDK3','Carlota','Reynalds','Pieroni','1928-10-25','14176','Jalisco','Westerfield',6,'7053497205','cpieroni18@e-recht24.de');
INSERT INTO Persona(curp,nombre,apellidoPaterno,apellidoMaterno,fechanacimiento,codigopostal,estado,calle,numeroExt,telefono,correo) VALUES ('IKDQ900993EPGMDEA6','Lucky','Rarity','Danelutti','1951-04-19','28078','Baja California Sur','Welch',677,'7457309522','ldanelutti19@bandcamp.com');
INSERT INTO Persona(curp,nombre,apellidoPaterno,apellidoMaterno,fechanacimiento,codigopostal,estado,calle,numeroExt,telefono,correo) VALUES ('DKNI788011CSNHFDL7','Franny','Hubbert','Scates','1993-02-14','47472','Michoacan','Hansons',491,'4566906078','fscates1a@arizona.edu');
INSERT INTO Persona(curp,nombre,apellidoPaterno,apellidoMaterno,fechanacimiento,codigopostal,estado,calle,numeroExt,telefono,correo) VALUES ('JFWC746068XDOXARX0','Hillier','Veare','Guidotti','1979-01-11','28290','Morelos','Corben',533,'3088118410','hguidotti1b@npr.org');
INSERT INTO Persona(curp,nombre,apellidoPaterno,apellidoMaterno,fechanacimiento,codigopostal,estado,calle,numeroExt,telefono,correo) VALUES ('XVEG348531OKNKOOG5','Jayson','Bruckman','Harlock','1990-08-01','20253','Baja California','Old Gate',49,'6121150009','jharlock1c@ezinearticles.com');
INSERT INTO Persona(curp,nombre,apellidoPaterno,apellidoMaterno,fechanacimiento,codigopostal,estado,calle,numeroExt,telefono,correo) VALUES ('TZRO516923LDORMYJ0','Oralia','Stoke','Spraggs','1970-11-24','32212','Hidalgo','Ridgeview',833,'9888251988','ospraggs1d@vimeo.com');
INSERT INTO Persona(curp,nombre,apellidoPaterno,apellidoMaterno,fechanacimiento,codigopostal,estado,calle,numeroExt,telefono,correo) VALUES ('OTBW362581NGDGGCF0','Willa','Wethers','Adkins','1955-08-10','74493','Guanajuato','Veith',74,'6059805666','wadkins1e@istockphoto.com');
INSERT INTO Persona(curp,nombre,apellidoPaterno,apellidoMaterno,fechanacimiento,codigopostal,estado,calle,numeroExt,telefono,correo) VALUES ('OKNO523280QZSDMML2','Kaiser','Rubertis','Manuaud','1985-11-19','89018','Sonora','Mallory',197,'3122181677','kmanuaud1f@soup.io');
INSERT INTO Persona(curp,nombre,apellidoPaterno,apellidoMaterno,fechanacimiento,codigopostal,estado,calle,numeroExt,telefono,correo) VALUES ('WZTI766762GOBLCIB8','Angele','Shaddick','Calterone','1975-06-17','01231','Hidalgo','Pine View',27,'6167498110','acalterone1g@list-manage.com');
INSERT INTO Persona(curp,nombre,apellidoPaterno,apellidoMaterno,fechanacimiento,codigopostal,estado,calle,numeroExt,telefono,correo) VALUES ('EMTF408322INAZHQC9','Cassie','Jobling','Threlfall','1926-12-04','81727','Tlaxcala','Katie',154,'0676994083','cthrelfall1h@amazon.co.jp');
INSERT INTO Persona(curp,nombre,apellidoPaterno,apellidoMaterno,fechanacimiento,codigopostal,estado,calle,numeroExt,telefono,correo) VALUES ('SUBA843350HIIHTWI6','Tobie','Haxbie','Pitchford','1976-08-17','48858','Morelos','Oriole',403,'3862804092','tpitchford1i@issuu.com');
INSERT INTO Persona(curp,nombre,apellidoPaterno,apellidoMaterno,fechanacimiento,codigopostal,estado,calle,numeroExt,telefono,correo) VALUES ('LAQY332255QQFCILL1','Olympie','Burlingame','Reedyhough','1939-12-04','96207','Coahuila','Bartelt',917,'5082980909','oreedyhough1j@tamu.edu');
INSERT INTO Persona(curp,nombre,apellidoPaterno,apellidoMaterno,fechanacimiento,codigopostal,estado,calle,numeroExt,telefono,correo) VALUES ('IVQE304258VJOTDEK3','Cleavland','Carloni','Stanbro','1970-03-11','16386','Estado de Mexico','Sutteridge',735,'8006949124','cstanbro1k@huffingtonpost.com');
INSERT INTO Persona(curp,nombre,apellidoPaterno,apellidoMaterno,fechanacimiento,codigopostal,estado,calle,numeroExt,telefono,correo) VALUES ('SOEC446634EKCNHWG1','Valina','Jiras','Aliman','1943-01-09','94863','Queretaro','Bartillon',760,'0741563647','valiman1l@shareasale.com');
INSERT INTO Persona(curp,nombre,apellidoPaterno,apellidoMaterno,fechanacimiento,codigopostal,estado,calle,numeroExt,telefono,correo) VALUES ('FFIL004219LLAVJYA1','Jeremiah','De Coursey','Oager','1930-05-12','61544','Tamaulipas','Steensland',796,'2212409542','joager1m@bloglines.com');
INSERT INTO Persona(curp,nombre,apellidoPaterno,apellidoMaterno,fechanacimiento,codigopostal,estado,calle,numeroExt,telefono,correo) VALUES ('ALHN280322PXUJJOZ6','Garner','Pennoni','Simkovitz','1962-03-03','18631','Quintana Roo','Monterey',210,'1238730839','gsimkovitz1n@gnu.org');
INSERT INTO Persona(curp,nombre,apellidoPaterno,apellidoMaterno,fechanacimiento,codigopostal,estado,calle,numeroExt,telefono,correo) VALUES ('CGAD100827RPQXPBZ9','Colette','Tingey','Collis','1944-04-01','80639','Chiapas','Sachtjen',233,'6170719376','ccollis1o@delicious.com');
INSERT INTO Persona(curp,nombre,apellidoPaterno,apellidoMaterno,fechanacimiento,codigopostal,estado,calle,numeroExt,telefono,correo) VALUES ('EWBU472009VWNTKKJ5','Krystle','Broe','Bugs','2000-04-02','49833','Quintana Roo','Hauk',64,'0819503742','kbugs1p@themeforest.net');
INSERT INTO Persona(curp,nombre,apellidoPaterno,apellidoMaterno,fechanacimiento,codigopostal,estado,calle,numeroExt,telefono,correo) VALUES ('NSUR962235PNXEUXQ5','Malissia','Flott','Lacky','1987-02-12','63575','Yucatan','Mallard',322,'1174650450','mlacky1q@yahoo.com');
INSERT INTO Persona(curp,nombre,apellidoPaterno,apellidoMaterno,fechanacimiento,codigopostal,estado,calle,numeroExt,telefono,correo) VALUES ('USUD372884CBGMRDZ6','Helge','Coleyshaw','Hutchin','1921-11-21','16567','Colima','Sheridan',335,'0141348267','hhutchin1r@mlb.com');
INSERT INTO Persona(curp,nombre,apellidoPaterno,apellidoMaterno,fechanacimiento,codigopostal,estado,calle,numeroExt,telefono,correo) VALUES ('ZCQQ412428FKZUBRC2','Rourke','Heinzler','Rosenkranc','1952-08-03','78726','Hidalgo','Comanche',8,'0852507204','rrosenkranc1s@loc.gov');
INSERT INTO Persona(curp,nombre,apellidoPaterno,apellidoMaterno,fechanacimiento,codigopostal,estado,calle,numeroExt,telefono,correo) VALUES ('MDGV575223XEFZHQD9','Natalya','Buntin','Bolgar','1995-06-11','11634','Durango','Reindahl',842,'1759796591','nbolgar1t@army.mil');
INSERT INTO Persona(curp,nombre,apellidoPaterno,apellidoMaterno,fechanacimiento,codigopostal,estado,calle,numeroExt,telefono,correo) VALUES ('BWJA606093ROXVGGQ6','Wolfgang','Alejo','Espadas','2002-02-13','44982','Guerrero','Carberry',34,'3813629788','wespadas1u@google.co.jp');
INSERT INTO Persona(curp,nombre,apellidoPaterno,apellidoMaterno,fechanacimiento,codigopostal,estado,calle,numeroExt,telefono,correo) VALUES ('MSTL268223BMJFXOU8','Rosene','Pinder','Banyard','1993-03-04','82735','Colima','Blackbird',182,'8409757305','rbanyard1v@imgur.com');
INSERT INTO Persona(curp,nombre,apellidoPaterno,apellidoMaterno,fechanacimiento,codigopostal,estado,calle,numeroExt,telefono,correo) VALUES ('GCFX275866PLDKOSB1','Maisey','Towriss','Kennelly','1990-02-25','31058','Veracruz','Cascade',187,'9862533573','mkennelly1w@constantcontact.com');
INSERT INTO Persona(curp,nombre,apellidoPaterno,apellidoMaterno,fechanacimiento,codigopostal,estado,calle,numeroExt,telefono,correo) VALUES ('JRMP100232CGNBUYX5','Geneva','Creamen','Biaggiotti','1987-10-15','46175','Chihuahua','Lawn',573,'5799597620','gbiaggiotti1x@cocolog-nifty.com');
INSERT INTO Persona(curp,nombre,apellidoPaterno,apellidoMaterno,fechanacimiento,codigopostal,estado,calle,numeroExt,telefono,correo) VALUES ('ZSPL869549TQSOHGU3','Shepard','Gritsaev','Sherebrook','1920-05-14','28728','Morelos','New Castle',168,'8729215891','ssherebrook1y@vinaora.com');
INSERT INTO Persona(curp,nombre,apellidoPaterno,apellidoMaterno,fechanacimiento,codigopostal,estado,calle,numeroExt,telefono,correo) VALUES ('OTDR961282SVEYPDA4','Jorge','Richardeau','Limpenny','1944-03-06','20980','Baja California','Fulton',129,'9482653274','jlimpenny1z@dell.com');
INSERT INTO Persona(curp,nombre,apellidoPaterno,apellidoMaterno,fechanacimiento,codigopostal,estado,calle,numeroExt,telefono,correo) VALUES ('IEES203530BAJRYSQ2','Beverly','Mora','Shackleton','1933-06-14','31663','Baja California','Washington',891,'2472654833','bshackleton20@mozilla.com');
INSERT INTO Persona(curp,nombre,apellidoPaterno,apellidoMaterno,fechanacimiento,codigopostal,estado,calle,numeroExt,telefono,correo) VALUES ('PATO725302ZBWXPYD3','Julie','Barsby','Kinahan','1969-01-02','31401','Coahuila','Sugar',604,'1577962010','jkinahan21@wired.com');
INSERT INTO Persona(curp,nombre,apellidoPaterno,apellidoMaterno,fechanacimiento,codigopostal,estado,calle,numeroExt,telefono,correo) VALUES ('QUDJ739428MVNEMAX4','Wolfgang','Bleesing','Widdall','2002-01-25','00391','Chihuahua','Goodland',470,'8029150478','wwiddall22@wiley.com');
INSERT INTO Persona(curp,nombre,apellidoPaterno,apellidoMaterno,fechanacimiento,codigopostal,estado,calle,numeroExt,telefono,correo) VALUES ('PGAU175916OGKJVLE0','Tate','Piotrowski','Steinson','1996-10-13','47806','Guanajuato','Steensland',702,'7064401925','tsteinson23@phpbb.com');
INSERT INTO Persona(curp,nombre,apellidoPaterno,apellidoMaterno,fechanacimiento,codigopostal,estado,calle,numeroExt,telefono,correo) VALUES ('AKQJ102030UWIKFBS8','Baxter','Shailer','Bartczak','1943-08-16','30779','Zacatecas','Sachtjen',589,'1890004378','bbartczak24@amazon.de');
INSERT INTO Persona(curp,nombre,apellidoPaterno,apellidoMaterno,fechanacimiento,codigopostal,estado,calle,numeroExt,telefono,correo) VALUES ('LVIA602624ISBBNBS9','Richmound','Marple','Sebrook','1975-08-01','58024','Chihuahua','Sage',638,'3020602310','rsebrook25@furl.net');
INSERT INTO Persona(curp,nombre,apellidoPaterno,apellidoMaterno,fechanacimiento,codigopostal,estado,calle,numeroExt,telefono,correo) VALUES ('ZLNL724930DQOWMZG0','Carla','Skrine','Grishukhin','1963-06-01','67627','Nuevo Leon','Meadow Valley',799,'1629153969','cgrishukhin26@studiopress.com');
INSERT INTO Persona(curp,nombre,apellidoPaterno,apellidoMaterno,fechanacimiento,codigopostal,estado,calle,numeroExt,telefono,correo) VALUES ('FUEE891555TWVACPT5','Calypso','Bertolaccini','Younger','1940-08-13','98461','Chihuahua','Mccormick',634,'4639064875','cyounger27@g.co');
INSERT INTO Persona(curp,nombre,apellidoPaterno,apellidoMaterno,fechanacimiento,codigopostal,estado,calle,numeroExt,telefono,correo) VALUES ('MQVK008620WOABOAT9','Dene','Wybrow','Archbell','1931-03-23','35054','Queretaro','Crest Line',646,'5710643861','darchbell28@ow.ly');
INSERT INTO Persona(curp,nombre,apellidoPaterno,apellidoMaterno,fechanacimiento,codigopostal,estado,calle,numeroExt,telefono,correo) VALUES ('TNJL727454MMFRCKL3','Morly','Sole','Jewsbury','1956-08-11','31661','Nuevo Leon','Holy Cross',376,'5058601975','mjewsbury29@ning.com');
INSERT INTO Persona(curp,nombre,apellidoPaterno,apellidoMaterno,fechanacimiento,codigopostal,estado,calle,numeroExt,telefono,correo) VALUES ('AKYV888099VMCVNNN4','Lisha','Petrussi','Cunniam','1978-09-04','48130','Colima','Goodland',897,'8255813024','lcunniam2a@businesswire.com');
INSERT INTO Persona(curp,nombre,apellidoPaterno,apellidoMaterno,fechanacimiento,codigopostal,estado,calle,numeroExt,telefono,correo) VALUES ('FQJJ558740PURRAKH8','Lindsy','Tarpey','Houchen','1993-08-29','85187','Veracruz','Eagan',136,'1821597449','lhouchen2b@earthlink.net');
INSERT INTO Persona(curp,nombre,apellidoPaterno,apellidoMaterno,fechanacimiento,codigopostal,estado,calle,numeroExt,telefono,correo) VALUES ('SEIG257835OQCQTAE8','Dorette','Kearsley','Izsak','1953-07-19','47185','Jalisco','Magdeline',334,'7783874197','dizsak2c@reddit.com');
INSERT INTO Persona(curp,nombre,apellidoPaterno,apellidoMaterno,fechanacimiento,codigopostal,estado,calle,numeroExt,telefono,correo) VALUES ('FEVX028111BKPXCAA8','Carla','Slowgrove','Unger','1994-10-15','58848','Guerrero','Clemons',781,'8870684252','cunger2d@bbb.org');
INSERT INTO Persona(curp,nombre,apellidoPaterno,apellidoMaterno,fechanacimiento,codigopostal,estado,calle,numeroExt,telefono,correo) VALUES ('EHYB754119VMSMVFF3','Leopold','Hardern','Reast','1991-06-01','44444','Zacatecas','Forest Dale',409,'2935336356','lreast2e@lycos.com');
INSERT INTO Persona(curp,nombre,apellidoPaterno,apellidoMaterno,fechanacimiento,codigopostal,estado,calle,numeroExt,telefono,correo) VALUES ('OAXO975523IGEAOII4','Harrietta','Redihalgh','Banbury','1931-07-13','82197','Coahuila','Charing Cross',179,'6054249821','hbanbury2f@icio.us');
INSERT INTO Persona(curp,nombre,apellidoPaterno,apellidoMaterno,fechanacimiento,codigopostal,estado,calle,numeroExt,telefono,correo) VALUES ('ARWJ806995OPJGLYG1','Pearline','Bilam','Giovani','1924-05-30','73955','Aguascalientes','Lakewood',737,'8904950810','pgiovani2g@foxnews.com');
INSERT INTO Persona(curp,nombre,apellidoPaterno,apellidoMaterno,fechanacimiento,codigopostal,estado,calle,numeroExt,telefono,correo) VALUES ('RQEE610816QXKZFPH3','Wandie','Degg','Campanelli','1997-07-19','47345','Yucatan','Chive',589,'7337137109','wcampanelli2h@reuters.com');
INSERT INTO Persona(curp,nombre,apellidoPaterno,apellidoMaterno,fechanacimiento,codigopostal,estado,calle,numeroExt,telefono,correo) VALUES ('NFCE955788KXPSSOC0','Giff','Whenman','Blissitt','1975-09-22','68208','Tabasco','Dapin',205,'1309344079','gblissitt2i@odnoklassniki.ru');
INSERT INTO Persona(curp,nombre,apellidoPaterno,apellidoMaterno,fechanacimiento,codigopostal,estado,calle,numeroExt,telefono,correo) VALUES ('FKJZ251074YBVCLUI7','Pat','Noriega','Abrahim','1991-08-27','51585','Chihuahua','Lindbergh',475,'1717183883','pabrahim2j@columbia.edu');
INSERT INTO Persona(curp,nombre,apellidoPaterno,apellidoMaterno,fechanacimiento,codigopostal,estado,calle,numeroExt,telefono,correo) VALUES ('BHYI791513PICBDFZ4','Decca','Jean','Drinkhall','1920-06-27','92269','Aguascalientes','Hazelcrest',230,'0219984172','ddrinkhall2k@tripadvisor.com');
INSERT INTO Persona(curp,nombre,apellidoPaterno,apellidoMaterno,fechanacimiento,codigopostal,estado,calle,numeroExt,telefono,correo) VALUES ('EOGL267825ZGTKSRY9','Nertie','Dearden','Ralton','1995-09-07','85256','Jalisco','Wayridge',230,'0581263314','nralton2l@mozilla.org');
INSERT INTO Persona(curp,nombre,apellidoPaterno,apellidoMaterno,fechanacimiento,codigopostal,estado,calle,numeroExt,telefono,correo) VALUES ('SSDG887249RNLKBAR5','Meir','Lebbern','Hazeman','1992-11-06','08250','Morelos','Calypso',208,'4506362683','mhazeman2m@webeden.co.uk');
INSERT INTO Persona(curp,nombre,apellidoPaterno,apellidoMaterno,fechanacimiento,codigopostal,estado,calle,numeroExt,telefono,correo) VALUES ('FHFT720371RERWKXO6','Ken','Crowder','Shillom','1985-05-08','23129','Coahuila','Oneill',56,'0914640121','kshillom2n@biglobe.ne.jp');
INSERT INTO Persona(curp,nombre,apellidoPaterno,apellidoMaterno,fechanacimiento,codigopostal,estado,calle,numeroExt,telefono,correo) VALUES ('SIML158302CXHNMND0','Frayda','Zorer','Romera','1965-06-24','11944','Queretaro','Basil',796,'8990163161','fromera2o@w3.org');
INSERT INTO Persona(curp,nombre,apellidoPaterno,apellidoMaterno,fechanacimiento,codigopostal,estado,calle,numeroExt,telefono,correo) VALUES ('LAMB760791BBPJTJQ7','Paulette','Shankle','Peto','1948-08-17','22200','Guerrero','Cordelia',498,'6785315798','ppeto2p@skyrock.com');
INSERT INTO Persona(curp,nombre,apellidoPaterno,apellidoMaterno,fechanacimiento,codigopostal,estado,calle,numeroExt,telefono,correo) VALUES ('FVWW603961ADVBJSF8','Rene','Watmore','Alenichev','1944-07-01','24940','Oaxaca','Hauk',556,'3731575054','ralenichev2q@google.ru');
INSERT INTO Persona(curp,nombre,apellidoPaterno,apellidoMaterno,fechanacimiento,codigopostal,estado,calle,numeroExt,telefono,correo) VALUES ('XXKL491113JINMEWW9','Evelin','Wheowall','Dumbarton','1965-10-12','25019','Oaxaca','Artisan',37,'1532905311','edumbarton2r@merriam-webster.com');
INSERT INTO Persona(curp,nombre,apellidoPaterno,apellidoMaterno,fechanacimiento,codigopostal,estado,calle,numeroExt,telefono,correo) VALUES ('ZGNJ092264DQGFCBJ3','Reinhard','Reisen','Horsted','1928-10-30','23983','Queretaro','Continental',945,'8016473685','rhorsted2s@wiley.com');
INSERT INTO Persona(curp,nombre,apellidoPaterno,apellidoMaterno,fechanacimiento,codigopostal,estado,calle,numeroExt,telefono,correo) VALUES ('UKTU066139AQTLVWI2','Lionello','Dublin','Heinl','1978-08-23','92693','Chiapas','Prairieview',212,'4522802507','lheinl2t@vinaora.com');
INSERT INTO Persona(curp,nombre,apellidoPaterno,apellidoMaterno,fechanacimiento,codigopostal,estado,calle,numeroExt,telefono,correo) VALUES ('TJWL735764WEJKPDD0','Rodrique','Ajsik','Burtenshaw','1933-01-27','44293','Veracruz','Algoma',166,'1254193960','rburtenshaw2u@bloglines.com');
INSERT INTO Persona(curp,nombre,apellidoPaterno,apellidoMaterno,fechanacimiento,codigopostal,estado,calle,numeroExt,telefono,correo) VALUES ('PIAN729296LREUMBQ7','Khalil','Greenwood','Abdy','1931-05-24','37851','Chiapas','Mosinee',262,'7448915932','kabdy2v@addtoany.com');
INSERT INTO Persona(curp,nombre,apellidoPaterno,apellidoMaterno,fechanacimiento,codigopostal,estado,calle,numeroExt,telefono,correo) VALUES ('LHEZ249362BUFPLFX2','Jameson','McLennan','Murrum','1990-01-19','31576','Tabasco','Sunfield',602,'4044039074','jmurrum2w@twitpic.com');
INSERT INTO Persona(curp,nombre,apellidoPaterno,apellidoMaterno,fechanacimiento,codigopostal,estado,calle,numeroExt,telefono,correo) VALUES ('IRHT872935BOWDJZI3','Lazar','Bemand','Ferber','1977-06-18','69832','Quintana Roo','Commercial',191,'5748960640','lferber2x@indiegogo.com');
INSERT INTO Persona(curp,nombre,apellidoPaterno,apellidoMaterno,fechanacimiento,codigopostal,estado,calle,numeroExt,telefono,correo) VALUES ('ODNT148831XFLDIQW9','Candida','Binning','Norcutt','1921-03-23','55973','Campeche','Drewry',139,'9501963976','cnorcutt2y@sciencedirect.com');
INSERT INTO Persona(curp,nombre,apellidoPaterno,apellidoMaterno,fechanacimiento,codigopostal,estado,calle,numeroExt,telefono,correo) VALUES ('HDIW000099BIVEDTI6','Andie','Antrim','Overnell','1955-05-08','68840','Sonora','Acker',352,'7559874338','aovernell2z@skype.com');
INSERT INTO Persona(curp,nombre,apellidoPaterno,apellidoMaterno,fechanacimiento,codigopostal,estado,calle,numeroExt,telefono,correo) VALUES ('NPIO615084JEWXKDP5','Becca','Gosalvez','Kendle','1941-08-30','82243','Queretaro','Maple',290,'9045651798','bkendle30@printfriendly.com');
INSERT INTO Persona(curp,nombre,apellidoPaterno,apellidoMaterno,fechanacimiento,codigopostal,estado,calle,numeroExt,telefono,correo) VALUES ('KCAN452590SAELUMA2','Grove','Marthen','Stripp','1953-06-10','38681','Estado de Mexico','Boyd',541,'7923539252','gstripp31@nydailynews.com');
INSERT INTO Persona(curp,nombre,apellidoPaterno,apellidoMaterno,fechanacimiento,codigopostal,estado,calle,numeroExt,telefono,correo) VALUES ('AQJP940673KZTDEVF3','Rowan','Wixon','Priestley','1921-02-24','54311','Campeche','Porter',286,'7637885094','rpriestley32@sitemeter.com');
INSERT INTO Persona(curp,nombre,apellidoPaterno,apellidoMaterno,fechanacimiento,codigopostal,estado,calle,numeroExt,telefono,correo) VALUES ('BVUB204057QTEHLHT0','Kingsley','Evemy','Halwell','1921-06-06','78677','Sinaloa','Homewood',88,'9572715973','khalwell33@delicious.com');
INSERT INTO Persona(curp,nombre,apellidoPaterno,apellidoMaterno,fechanacimiento,codigopostal,estado,calle,numeroExt,telefono,correo) VALUES ('DSAY120738PXEUJNV5','Sherm','Whiteoak','Staten','1949-05-15','00462','Queretaro','Washington',997,'2592372322','sstaten34@usda.gov');
INSERT INTO Persona(curp,nombre,apellidoPaterno,apellidoMaterno,fechanacimiento,codigopostal,estado,calle,numeroExt,telefono,correo) VALUES ('BJCE033390CIAFOEF2','Neilla','Reddlesden','Westall','1959-07-12','62344','Colima','Morning',482,'4021313125','nwestall35@booking.com');
INSERT INTO Persona(curp,nombre,apellidoPaterno,apellidoMaterno,fechanacimiento,codigopostal,estado,calle,numeroExt,telefono,correo) VALUES ('DKQZ445257CHGPJWN2','Manfred','Corson','Crewes','2001-01-31','28812','Chiapas','Calypso',12,'7662669593','mcrewes36@reverbnation.com');
INSERT INTO Persona(curp,nombre,apellidoPaterno,apellidoMaterno,fechanacimiento,codigopostal,estado,calle,numeroExt,telefono,correo) VALUES ('XGYQ327819WHGKZRJ2','Igor','Bruno','Covely','1955-08-07','96739','Zacatecas','Veith',315,'4806043725','icovely37@homestead.com');
INSERT INTO Persona(curp,nombre,apellidoPaterno,apellidoMaterno,fechanacimiento,codigopostal,estado,calle,numeroExt,telefono,correo) VALUES ('VCOJ300007HBNBNFV5','Edee','Desorts','Corragan','1929-10-25','59462','Oaxaca','Stone Corner',174,'5812306834','ecorragan38@linkedin.com');
INSERT INTO Persona(curp,nombre,apellidoPaterno,apellidoMaterno,fechanacimiento,codigopostal,estado,calle,numeroExt,telefono,correo) VALUES ('SGXB949602FLEXZXP6','Wake','Blazhevich','Soles','1937-08-25','66170','Sinaloa','John Wall',583,'3411264248','wsoles39@php.net');
INSERT INTO Persona(curp,nombre,apellidoPaterno,apellidoMaterno,fechanacimiento,codigopostal,estado,calle,numeroExt,telefono,correo) VALUES ('HDQF280299QLSMYQJ9','Al','Prestner','Savin','1951-04-04','63849','Sonora','Canary',513,'1428046013','asavin3a@people.com.cn');
INSERT INTO Persona(curp,nombre,apellidoPaterno,apellidoMaterno,fechanacimiento,codigopostal,estado,calle,numeroExt,telefono,correo) VALUES ('FXAO083713JMFSEGB0','Danny','Furmedge','Bolver','1985-04-28','40907','Chiapas','Westend',878,'1708886976','dbolver3b@oaic.gov.au');
INSERT INTO Persona(curp,nombre,apellidoPaterno,apellidoMaterno,fechanacimiento,codigopostal,estado,calle,numeroExt,telefono,correo) VALUES ('SBYR320637XBVGQMF8','Florencia','Pellatt','Cowperthwaite','1990-09-05','68172','Guanajuato','Fairfield',953,'0291582108','fcowperthwaite3c@theguardian.com');
INSERT INTO Persona(curp,nombre,apellidoPaterno,apellidoMaterno,fechanacimiento,codigopostal,estado,calle,numeroExt,telefono,correo) VALUES ('TRZV249826RRFLJBZ5','Kale','Natwick','Gajewski','1947-10-01','03952','Tlaxcala','Schmedeman',472,'4708308822','kgajewski3d@wikipedia.org');
INSERT INTO Persona(curp,nombre,apellidoPaterno,apellidoMaterno,fechanacimiento,codigopostal,estado,calle,numeroExt,telefono,correo) VALUES ('GSTJ730982OPGGYHM3','Binny','Haquard','Cromack','1932-06-12','28336','Quintana Roo','Sutherland',395,'0509365199','bcromack3e@cloudflare.com');
INSERT INTO Persona(curp,nombre,apellidoPaterno,apellidoMaterno,fechanacimiento,codigopostal,estado,calle,numeroExt,telefono,correo) VALUES ('DDSO976844DPMDORW7','Maximo','Otley','Cristofolini','1956-05-30','10629','Puebla','Claremont',424,'7734181164','mcristofolini3f@state.gov');
INSERT INTO Persona(curp,nombre,apellidoPaterno,apellidoMaterno,fechanacimiento,codigopostal,estado,calle,numeroExt,telefono,correo) VALUES ('KVUX379368QVGWREP1','Maribel','Yanukhin','Balls','2002-05-18','32452','Estado de Mexico','Porter',713,'1794752423','mballs3g@lycos.com');
INSERT INTO Persona(curp,nombre,apellidoPaterno,apellidoMaterno,fechanacimiento,codigopostal,estado,calle,numeroExt,telefono,correo) VALUES ('SUIH787468VRELELP4','Frederique','Thewlis','Bourdice','1952-11-28','30718','Baja California','Shasta',32,'2877942672','fbourdice3h@hubpages.com');
INSERT INTO Persona(curp,nombre,apellidoPaterno,apellidoMaterno,fechanacimiento,codigopostal,estado,calle,numeroExt,telefono,correo) VALUES ('AXHN827039PERTWKA7','Gabrila','Oliveira','Mazdon','1971-07-07','78771','Tlaxcala','3rd',722,'5555012588','gmazdon3i@mlb.com');
INSERT INTO Persona(curp,nombre,apellidoPaterno,apellidoMaterno,fechanacimiento,codigopostal,estado,calle,numeroExt,telefono,correo) VALUES ('XKTW284347PUCDSEH2','Wayne','Bratton','Paddle','2000-07-14','00171','Puebla','Forest Run',296,'4373047659','wpaddle3j@chron.com');
INSERT INTO Persona(curp,nombre,apellidoPaterno,apellidoMaterno,fechanacimiento,codigopostal,estado,calle,numeroExt,telefono,correo) VALUES ('KIDX683746WTJHFTP6','Arabele','Crisford','Blenkhorn','1934-09-27','82183','Ciudad de Mexico','Rieder',334,'9535849679','ablenkhorn3k@merriam-webster.com');
INSERT INTO Persona(curp,nombre,apellidoPaterno,apellidoMaterno,fechanacimiento,codigopostal,estado,calle,numeroExt,telefono,correo) VALUES ('DNYD038176JYTNTXE5','Owen','Starie','Sanham','1978-10-04','21032','Tamaulipas','Mallard',16,'9292834136','osanham3l@google.pl');
INSERT INTO Persona(curp,nombre,apellidoPaterno,apellidoMaterno,fechanacimiento,codigopostal,estado,calle,numeroExt,telefono,correo) VALUES ('WVNP692098ZLXQPEZ1','Agretha','Krink','Vaux','1950-09-25','06740','Tamaulipas','Dapin',672,'9783628684','avaux3m@mapy.cz');
INSERT INTO Persona(curp,nombre,apellidoPaterno,apellidoMaterno,fechanacimiento,codigopostal,estado,calle,numeroExt,telefono,correo) VALUES ('YTQO497713TFKQXCN7','Bibbie','Tomkies','Meharg','1933-03-25','95655','Tabasco','Pierstorff',81,'3053195214','bmeharg3n@usgs.gov');
INSERT INTO Persona(curp,nombre,apellidoPaterno,apellidoMaterno,fechanacimiento,codigopostal,estado,calle,numeroExt,telefono,correo) VALUES ('UVBV633282IKNVBPG3','Lukas','Cowthart','Humbert','1956-03-02','63850','Zacatecas','Stuart',509,'4700611089','lhumbert3o@wsj.com');
INSERT INTO Persona(curp,nombre,apellidoPaterno,apellidoMaterno,fechanacimiento,codigopostal,estado,calle,numeroExt,telefono,correo) VALUES ('WDRL659462GPBOIIC3','Konstanze','Vahey','Westrip','1961-11-02','06467','Chiapas','Mandrake',111,'1704730122','kwestrip3p@stumbleupon.com');
INSERT INTO Persona(curp,nombre,apellidoPaterno,apellidoMaterno,fechanacimiento,codigopostal,estado,calle,numeroExt,telefono,correo) VALUES ('LMNU795110RYJDOZP9','Levi','McNerlin','Stearndale','1947-06-18','97708','Yucatan','Messerschmidt',611,'4969056085','lstearndale3q@bloglovin.com');
INSERT INTO Persona(curp,nombre,apellidoPaterno,apellidoMaterno,fechanacimiento,codigopostal,estado,calle,numeroExt,telefono,correo) VALUES ('CASA171224CTKFOXZ4','Janice','Bleiman','Maxweell','1986-02-27','59310','Morelos','South',875,'2378395823','jmaxweell3r@ehow.com');
INSERT INTO Persona(curp,nombre,apellidoPaterno,apellidoMaterno,fechanacimiento,codigopostal,estado,calle,numeroExt,telefono,correo) VALUES ('XJKO148536EROTWHD4','Jodee','Rutherfoord','Cancelier','1967-10-16','08286','Ciudad de Mexico','Hallows',972,'4635555738','jcancelier3s@jigsy.com');
INSERT INTO Persona(curp,nombre,apellidoPaterno,apellidoMaterno,fechanacimiento,codigopostal,estado,calle,numeroExt,telefono,correo) VALUES ('UZHP202956TQGOKHY3','Kacy','Blatcher','Buffham','1996-04-02','61046','Durango','Vidon',612,'3812268395','kbuffham3t@mtv.com');
INSERT INTO Persona(curp,nombre,apellidoPaterno,apellidoMaterno,fechanacimiento,codigopostal,estado,calle,numeroExt,telefono,correo) VALUES ('PUMK496670UTHBPIG0','Egbert','Chainey','Miquelet','1981-12-17','01449','Colima','Mosinee',714,'4565594364','emiquelet3u@cornell.edu');
INSERT INTO Persona(curp,nombre,apellidoPaterno,apellidoMaterno,fechanacimiento,codigopostal,estado,calle,numeroExt,telefono,correo) VALUES ('AANW416021NENQDAU9','Brocky','MacKean','Carrigan','1953-05-21','99938','Puebla','Hoard',848,'9434773215','bcarrigan3v@yelp.com');
INSERT INTO Persona(curp,nombre,apellidoPaterno,apellidoMaterno,fechanacimiento,codigopostal,estado,calle,numeroExt,telefono,correo) VALUES ('HLDA656241JXUTEYJ7','Suzanna','Ryan','Cuniffe','1922-10-22','20215','Chiapas','Porter',962,'3995919435','scuniffe3w@blogger.com');
INSERT INTO Persona(curp,nombre,apellidoPaterno,apellidoMaterno,fechanacimiento,codigopostal,estado,calle,numeroExt,telefono,correo) VALUES ('ZIBH430027EFBHGTY4','Nat','Tamblingson','Pakes','1976-02-12','22037','Baja California','Fordem',879,'3437615260','npakes3x@yale.edu');
INSERT INTO Persona(curp,nombre,apellidoPaterno,apellidoMaterno,fechanacimiento,codigopostal,estado,calle,numeroExt,telefono,correo) VALUES ('TEIQ657230ORDJAUE3','Chelsey','Sherwyn','Veelers','1945-03-14','14250','Nuevo Leon','Golf Course',254,'4250707084','cveelers3y@gov.uk');
INSERT INTO Persona(curp,nombre,apellidoPaterno,apellidoMaterno,fechanacimiento,codigopostal,estado,calle,numeroExt,telefono,correo) VALUES ('FZBE621875DKADXNX0','Sheff','Moloney','Fellos','1950-06-20','52470','Zacatecas','Little Fleur',433,'0802508352','sfellos3z@storify.com');
INSERT INTO Persona(curp,nombre,apellidoPaterno,apellidoMaterno,fechanacimiento,codigopostal,estado,calle,numeroExt,telefono,correo) VALUES ('ZMCG852169RXTDRQV2','Monah','Shakesbye','Hurleston','1968-11-26','98320','Quintana Roo','Orin',136,'5513491981','mhurleston40@state.gov');
INSERT INTO Persona(curp,nombre,apellidoPaterno,apellidoMaterno,fechanacimiento,codigopostal,estado,calle,numeroExt,telefono,correo) VALUES ('PXXG243718OSFANHF8','Cara','Brantl','Dyzart','1969-01-31','86436','Guanajuato','Leroy',393,'5562172762','cdyzart41@berkeley.edu');
INSERT INTO Persona(curp,nombre,apellidoPaterno,apellidoMaterno,fechanacimiento,codigopostal,estado,calle,numeroExt,telefono,correo) VALUES ('XOTU920514UGNLZAR8','Mavra','Sigert','Ivanonko','1999-04-08','49300','Michoacan','School',684,'9777476765','mivanonko42@mtv.com');
INSERT INTO Persona(curp,nombre,apellidoPaterno,apellidoMaterno,fechanacimiento,codigopostal,estado,calle,numeroExt,telefono,correo) VALUES ('GREI347500WQOPIKQ4','Kingsly','Holde','McKinstry','1974-03-26','91842','Campeche','3rd',931,'4943737935','kmckinstry43@elegantthemes.com');
INSERT INTO Persona(curp,nombre,apellidoPaterno,apellidoMaterno,fechanacimiento,codigopostal,estado,calle,numeroExt,telefono,correo) VALUES ('SZQZ841644EEEJQQB2','Sumner','Kuller','Bendon','1951-01-10','05824','Durango','Westridge',978,'7332975091','sbendon44@smugmug.com');
INSERT INTO Persona(curp,nombre,apellidoPaterno,apellidoMaterno,fechanacimiento,codigopostal,estado,calle,numeroExt,telefono,correo) VALUES ('IPAV661871CJZHKHB5','Dana','Ziemsen','Bignell','1987-07-07','98422','Chiapas','Mallard',57,'7729705875','dbignell45@patch.com');
INSERT INTO Persona(curp,nombre,apellidoPaterno,apellidoMaterno,fechanacimiento,codigopostal,estado,calle,numeroExt,telefono,correo) VALUES ('XKYC856192MXKQCDB0','Quinn','Sanbroke','Matteacci','1940-11-13','46168','Baja California Sur','Cordelia',291,'0307518280','qmatteacci46@stanford.edu');
INSERT INTO Persona(curp,nombre,apellidoPaterno,apellidoMaterno,fechanacimiento,codigopostal,estado,calle,numeroExt,telefono,correo) VALUES ('QOWD922211FAUDWKY7','Reba','Awton','Funnell','1958-07-10','39047','Coahuila','American',782,'8673091340','rfunnell47@japanpost.jp');
INSERT INTO Persona(curp,nombre,apellidoPaterno,apellidoMaterno,fechanacimiento,codigopostal,estado,calle,numeroExt,telefono,correo) VALUES ('TEPP517146SDSSPEA5','Cathi','Scatchard','Ferrillo','1978-11-22','80822','Jalisco','Judy',679,'7262955071','cferrillo48@addtoany.com');
INSERT INTO Persona(curp,nombre,apellidoPaterno,apellidoMaterno,fechanacimiento,codigopostal,estado,calle,numeroExt,telefono,correo) VALUES ('PZQX251680WCAJFWH0','Shelden','Mungham','Dentith','1958-01-13','27193','Ciudad de Mexico','Myrtle',302,'9622911488','sdentith49@wikipedia.org');
INSERT INTO Persona(curp,nombre,apellidoPaterno,apellidoMaterno,fechanacimiento,codigopostal,estado,calle,numeroExt,telefono,correo) VALUES ('UENX948050FLOLUCX0','Bar','Millin','Golden of Ireland','1930-12-25','73335','Jalisco','Summit',739,'9134868838','bgoldenofireland4a@ftc.gov');
INSERT INTO Persona(curp,nombre,apellidoPaterno,apellidoMaterno,fechanacimiento,codigopostal,estado,calle,numeroExt,telefono,correo) VALUES ('ZZVG445941WNHNUPJ2','Annabelle','Lonie','Burn','1941-08-25','52877','Veracruz','Holmberg',120,'0468445880','aburn4b@nps.gov');
INSERT INTO Persona(curp,nombre,apellidoPaterno,apellidoMaterno,fechanacimiento,codigopostal,estado,calle,numeroExt,telefono,correo) VALUES ('PRAQ324176NCTZERD6','Austine','Berfoot','Glass','1962-11-19','46335','San Luis Potosi','Linden',540,'8864282729','aglass4c@accuweather.com');
INSERT INTO Persona(curp,nombre,apellidoPaterno,apellidoMaterno,fechanacimiento,codigopostal,estado,calle,numeroExt,telefono,correo) VALUES ('COJG751145VXGVQNV3','Weidar','Warlawe','Sheeres','1942-12-10','85355','Veracruz','Steensland',892,'7070225021','wsheeres4d@techcrunch.com');
INSERT INTO Persona(curp,nombre,apellidoPaterno,apellidoMaterno,fechanacimiento,codigopostal,estado,calle,numeroExt,telefono,correo) VALUES ('SGOE769863ISWWUNN2','Grantham','Wilcockes','Biggs','1959-01-22','45669','Estado de Mexico','6th',356,'7425502162','gbiggs4e@unesco.org');
INSERT INTO Persona(curp,nombre,apellidoPaterno,apellidoMaterno,fechanacimiento,codigopostal,estado,calle,numeroExt,telefono,correo) VALUES ('TQIG592038HJDOPKW2','Lanie','Genn','Haylands','1936-02-19','63762','Sinaloa','Butterfield',855,'5158581884','lhaylands4f@springer.com');
INSERT INTO Persona(curp,nombre,apellidoPaterno,apellidoMaterno,fechanacimiento,codigopostal,estado,calle,numeroExt,telefono,correo) VALUES ('RQAV875118LLIFCBZ0','Jarret','Pearn','Dorgan','1989-08-27','94854','Oaxaca','4th',700,'4393490489','jdorgan4g@nps.gov');
INSERT INTO Persona(curp,nombre,apellidoPaterno,apellidoMaterno,fechanacimiento,codigopostal,estado,calle,numeroExt,telefono,correo) VALUES ('XXEU714190QBYEPQD9','Fayth','Keam','Woolforde','1952-12-25','49178','Zacatecas','Rutledge',873,'2941142742','fwoolforde4h@istockphoto.com');
INSERT INTO Persona(curp,nombre,apellidoPaterno,apellidoMaterno,fechanacimiento,codigopostal,estado,calle,numeroExt,telefono,correo) VALUES ('YTWC897649SZZYDBD5','Wain','Suckling','Cometti','1991-01-13','80383','Puebla','Packers',463,'4386026766','wcometti4i@mac.com');
INSERT INTO Persona(curp,nombre,apellidoPaterno,apellidoMaterno,fechanacimiento,codigopostal,estado,calle,numeroExt,telefono,correo) VALUES ('LCHV947775KRWGTQT6','Mame','Durtnall','Kupker','1929-08-17','56866','Jalisco','Duke',191,'7147198447','mkupker4j@cbsnews.com');
INSERT INTO Persona(curp,nombre,apellidoPaterno,apellidoMaterno,fechanacimiento,codigopostal,estado,calle,numeroExt,telefono,correo) VALUES ('BJQZ532922TQTKQAH1','Halsy','Sargent','Dobbison','1946-10-20','92348','Quintana Roo','Roxbury',612,'8686153540','hdobbison4k@accuweather.com');
INSERT INTO Persona(curp,nombre,apellidoPaterno,apellidoMaterno,fechanacimiento,codigopostal,estado,calle,numeroExt,telefono,correo) VALUES ('QJNC287605GIGDJYU3','Meier','Ormistone','Gouthier','1982-09-21','93764','Ciudad de Mexico','Ridgeview',826,'0637691951','mgouthier4l@123-reg.co.uk');
INSERT INTO Persona(curp,nombre,apellidoPaterno,apellidoMaterno,fechanacimiento,codigopostal,estado,calle,numeroExt,telefono,correo) VALUES ('CDFV891928PGBHOZR0','Chaim','Pawelec','Gaynes','1953-12-04','41066','Hidalgo','Hazelcrest',354,'2463626539','cgaynes4m@flickr.com');
INSERT INTO Persona(curp,nombre,apellidoPaterno,apellidoMaterno,fechanacimiento,codigopostal,estado,calle,numeroExt,telefono,correo) VALUES ('PAFS171053IKCLGTA9','Paule','Antonomoli','Thacke','1970-09-06','61130','Nayarit','Darwin',913,'9513838241','pthacke4n@webmd.com');
INSERT INTO Persona(curp,nombre,apellidoPaterno,apellidoMaterno,fechanacimiento,codigopostal,estado,calle,numeroExt,telefono,correo) VALUES ('ZGKY161350ZGJXHNO5','Khalil','Baptie','Pfleger','1964-04-22','88128','Nayarit','Lerdahl',625,'9345567512','kpfleger4o@salon.com');
INSERT INTO Persona(curp,nombre,apellidoPaterno,apellidoMaterno,fechanacimiento,codigopostal,estado,calle,numeroExt,telefono,correo) VALUES ('SKLZ404111VBLEAYH9','Lia','Scolland','Eames','1922-02-15','34079','Queretaro','Clemons',826,'2719638962','leames4p@stumbleupon.com');
INSERT INTO Persona(curp,nombre,apellidoPaterno,apellidoMaterno,fechanacimiento,codigopostal,estado,calle,numeroExt,telefono,correo) VALUES ('GVCO628039WPHIXGW1','Lombard','Imlen','Smoughton','1999-02-09','75127','Guanajuato','Knutson',447,'7457599088','lsmoughton4q@comsenz.com');
INSERT INTO Persona(curp,nombre,apellidoPaterno,apellidoMaterno,fechanacimiento,codigopostal,estado,calle,numeroExt,telefono,correo) VALUES ('FGLS141268LIEQSLW2','Archaimbaud','Swinglehurst','Pymm','1970-12-07','92777','Guanajuato','6th',989,'9387773604','apymm4r@facebook.com');
INSERT INTO Persona(curp,nombre,apellidoPaterno,apellidoMaterno,fechanacimiento,codigopostal,estado,calle,numeroExt,telefono,correo) VALUES ('ZMZJ155553TXXDBHR9','Linnea','Purviss','Huddles','1986-12-19','74321','Michoacan','Magdeline',806,'5611266762','lhuddles4s@furl.net');
INSERT INTO Persona(curp,nombre,apellidoPaterno,apellidoMaterno,fechanacimiento,codigopostal,estado,calle,numeroExt,telefono,correo) VALUES ('CSEO272458FZIOIPA5','Lissy','Navarijo','Follan','1920-10-31','32606','Oaxaca','Manley',552,'0025850404','lfollan4t@si.edu');
INSERT INTO Persona(curp,nombre,apellidoPaterno,apellidoMaterno,fechanacimiento,codigopostal,estado,calle,numeroExt,telefono,correo) VALUES ('BHQV147324LAHDGBR7','Kelli','Evitt','Mantram','2002-02-25','67503','Yucatan','Haas',720,'2373196843','kmantram4u@moonfruit.com');
INSERT INTO Persona(curp,nombre,apellidoPaterno,apellidoMaterno,fechanacimiento,codigopostal,estado,calle,numeroExt,telefono,correo) VALUES ('LQHN420506MFVQOKR2','Barnard','Gomez','Galero','1982-04-17','11153','Veracruz','Ryan',659,'8051468171','bgalero4v@cdc.gov');
INSERT INTO Persona(curp,nombre,apellidoPaterno,apellidoMaterno,fechanacimiento,codigopostal,estado,calle,numeroExt,telefono,correo) VALUES ('SVRU010862CNZBETG9','Robinia','Getcliff','Kubicek','1997-07-05','42372','Morelos','Clyde Gallagher',478,'3914368208','rkubicek4w@scientificamerican.com');
INSERT INTO Persona(curp,nombre,apellidoPaterno,apellidoMaterno,fechanacimiento,codigopostal,estado,calle,numeroExt,telefono,correo) VALUES ('NVOG486083FTXVZAL8','Lilla','Ody','Hanaford','1966-06-05','75565','Guanajuato','Mandrake',756,'6609641025','lhanaford4x@sogou.com');
INSERT INTO Persona(curp,nombre,apellidoPaterno,apellidoMaterno,fechanacimiento,codigopostal,estado,calle,numeroExt,telefono,correo) VALUES ('PPMD267736ORUSWPO7','Norine','Redan','Purse','1935-10-01','31629','Hidalgo','Bayside',656,'5785319038','npurse4y@howstuffworks.com');
INSERT INTO Persona(curp,nombre,apellidoPaterno,apellidoMaterno,fechanacimiento,codigopostal,estado,calle,numeroExt,telefono,correo) VALUES ('ESRU717687MZFOSCC5','Ritchie','Braim','Yexley','1987-05-17','49651','Chiapas','Florence',277,'7323634628','ryexley4z@utexas.edu');
INSERT INTO Persona(curp,nombre,apellidoPaterno,apellidoMaterno,fechanacimiento,codigopostal,estado,calle,numeroExt,telefono,correo) VALUES ('XSTH904768AONGMPJ8','Alfy','Sidney','McHarry','2003-01-09','58617','San Luis Potosi','Canary',808,'9287833676','amcharry50@hhs.gov');
INSERT INTO Persona(curp,nombre,apellidoPaterno,apellidoMaterno,fechanacimiento,codigopostal,estado,calle,numeroExt,telefono,correo) VALUES ('FVYR086561FFUSTOW6','Maribel','Batalini','Ferrer','1980-07-08','00680','Guanajuato','Fair Oaks',635,'9419062028','mferrer51@digg.com');
INSERT INTO Persona(curp,nombre,apellidoPaterno,apellidoMaterno,fechanacimiento,codigopostal,estado,calle,numeroExt,telefono,correo) VALUES ('HEGG736193OVYLMWQ9','Corney','Ness','Assiter','1982-01-29','22078','Guerrero','Dayton',548,'1090463172','cassiter52@ustream.tv');
INSERT INTO Persona(curp,nombre,apellidoPaterno,apellidoMaterno,fechanacimiento,codigopostal,estado,calle,numeroExt,telefono,correo) VALUES ('TJCK931288RTUSOYT8','Lanie','Labram','Sigart','1937-01-08','08530','San Luis Potosi','Stang',657,'9807577898','lsigart53@geocities.com');
INSERT INTO Persona(curp,nombre,apellidoPaterno,apellidoMaterno,fechanacimiento,codigopostal,estado,calle,numeroExt,telefono,correo) VALUES ('XICZ867826LKPGIKR4','Eleen','Loughan','Terron','1984-04-12','40674','San Luis Potosi','Northridge',999,'5313803501','eterron54@dailymotion.com');
INSERT INTO Persona(curp,nombre,apellidoPaterno,apellidoMaterno,fechanacimiento,codigopostal,estado,calle,numeroExt,telefono,correo) VALUES ('YLEG278519CMLFDSC9','Marsha','Dow','Beardow','1992-04-11','35047','Estado de Mexico','Derek',126,'3518690254','mbeardow55@wordpress.com');
INSERT INTO Persona(curp,nombre,apellidoPaterno,apellidoMaterno,fechanacimiento,codigopostal,estado,calle,numeroExt,telefono,correo) VALUES ('CIDO381078XRZEJYY3','Ruthi','Fannon','Wrightem','1964-10-11','44522','Veracruz','Bay',475,'2427079971','rwrightem56@reference.com');
INSERT INTO Persona(curp,nombre,apellidoPaterno,apellidoMaterno,fechanacimiento,codigopostal,estado,calle,numeroExt,telefono,correo) VALUES ('APMI956784ZRNVXZW8','Merle','Audritt','Boken','1971-01-30','67473','Sinaloa','Bobwhite',475,'3522020874','mboken57@flavors.me');
INSERT INTO Persona(curp,nombre,apellidoPaterno,apellidoMaterno,fechanacimiento,codigopostal,estado,calle,numeroExt,telefono,correo) VALUES ('TNLP581891BIDRXLV4','Garald','Allix','Bielfelt','1952-06-13','10222','Estado de Mexico','Northwestern',640,'1086961949','gbielfelt58@amazon.de');
INSERT INTO Persona(curp,nombre,apellidoPaterno,apellidoMaterno,fechanacimiento,codigopostal,estado,calle,numeroExt,telefono,correo) VALUES ('QREK244725QUTXBTF7','Maire','Maile','Litzmann','1965-06-19','79833','Quintana Roo','Bay',483,'3624227193','mlitzmann59@dailymotion.com');
INSERT INTO Persona(curp,nombre,apellidoPaterno,apellidoMaterno,fechanacimiento,codigopostal,estado,calle,numeroExt,telefono,correo) VALUES ('IJYE500849VGWZPWQ4','Clarey','Boynes','Vasyutochkin','1979-09-30','03678','Guanajuato','Mesta',129,'5880827042','cvasyutochkin5a@dailymotion.com');
INSERT INTO Persona(curp,nombre,apellidoPaterno,apellidoMaterno,fechanacimiento,codigopostal,estado,calle,numeroExt,telefono,correo) VALUES ('FQJG820667KEZROIW6','Mia','Frude','Tiffin','1954-08-01','00960','Yucatan','Village',298,'2010588008','mtiffin5b@xrea.com');
INSERT INTO Persona(curp,nombre,apellidoPaterno,apellidoMaterno,fechanacimiento,codigopostal,estado,calle,numeroExt,telefono,correo) VALUES ('UGWE603519TEXYYNB5','Karel','Growcott','Bernat','1996-09-11','25353','Quintana Roo','Independence',549,'4992841828','kbernat5c@netvibes.com');
INSERT INTO Persona(curp,nombre,apellidoPaterno,apellidoMaterno,fechanacimiento,codigopostal,estado,calle,numeroExt,telefono,correo) VALUES ('YTEV367045FALBLNB6','Myrta','Nuccii','Greenlees','1964-05-24','28872','Baja California','Eggendart',87,'4475322612','mgreenlees5d@indiegogo.com');
INSERT INTO Persona(curp,nombre,apellidoPaterno,apellidoMaterno,fechanacimiento,codigopostal,estado,calle,numeroExt,telefono,correo) VALUES ('VJRW793415GYGTTJY3','Alfons','MacCosty','Christopher','1942-01-27','33315','Hidalgo','Sommers',629,'2756767506','achristopher5e@gov.uk');
INSERT INTO Persona(curp,nombre,apellidoPaterno,apellidoMaterno,fechanacimiento,codigopostal,estado,calle,numeroExt,telefono,correo) VALUES ('QJIL362449RUCBYZY7','Mada','Pigford','McAteer','1999-12-12','10426','Colima','Erie',795,'3553508131','mmcateer5f@imgur.com');
INSERT INTO Persona(curp,nombre,apellidoPaterno,apellidoMaterno,fechanacimiento,codigopostal,estado,calle,numeroExt,telefono,correo) VALUES ('VOST631886OATCCKC2','Brina','Vedekhov','Lorkin','1971-08-02','93507','Colima','Red Cloud',215,'5814509245','blorkin5g@hp.com');
INSERT INTO Persona(curp,nombre,apellidoPaterno,apellidoMaterno,fechanacimiento,codigopostal,estado,calle,numeroExt,telefono,correo) VALUES ('NKGP091347QNDMGHW2','Finlay','Pennings','Biaggioli','1930-02-16','78265','Chihuahua','Darwin',873,'6730904148','fbiaggioli5h@yahoo.com');
INSERT INTO Persona(curp,nombre,apellidoPaterno,apellidoMaterno,fechanacimiento,codigopostal,estado,calle,numeroExt,telefono,correo) VALUES ('TRZB446924KNPWNCF5','Steven','Campagne','Beaty','1940-08-24','68833','Hidalgo','Packers',61,'7514493838','sbeaty5i@ifeng.com');
INSERT INTO Persona(curp,nombre,apellidoPaterno,apellidoMaterno,fechanacimiento,codigopostal,estado,calle,numeroExt,telefono,correo) VALUES ('WGVR005087BKWUWLK2','Esta','Weatherley','Myall','1929-01-17','65212','Colima','International',146,'5594224263','emyall5j@goo.ne.jp');
INSERT INTO Persona(curp,nombre,apellidoPaterno,apellidoMaterno,fechanacimiento,codigopostal,estado,calle,numeroExt,telefono,correo) VALUES ('DBZQ828914YVBRSGT2','Olva','Fardon','Edgeon','1987-06-13','22153','San Luis Potosi','Lakeland',92,'3366460829','oedgeon5k@hao123.com');
INSERT INTO Persona(curp,nombre,apellidoPaterno,apellidoMaterno,fechanacimiento,codigopostal,estado,calle,numeroExt,telefono,correo) VALUES ('ULDV050124FLZHDVI2','Anthe','Clitsome','Semper','1981-07-03','44710','Durango','Dapin',752,'7305836081','asemper5l@list-manage.com');
INSERT INTO Persona(curp,nombre,apellidoPaterno,apellidoMaterno,fechanacimiento,codigopostal,estado,calle,numeroExt,telefono,correo) VALUES ('TPUL995622SMQUTYV6','Dunc','Barajas','Livesley','1966-08-25','25248','Veracruz','Dixon',370,'6228973648','dlivesley5m@imageshack.us');
INSERT INTO Persona(curp,nombre,apellidoPaterno,apellidoMaterno,fechanacimiento,codigopostal,estado,calle,numeroExt,telefono,correo) VALUES ('SMKU060599BEISUEO4','Catlee','Rutgers','Tonkes','1997-11-30','52577','Zacatecas','Nelson',385,'7546600560','ctonkes5n@linkedin.com');
INSERT INTO Persona(curp,nombre,apellidoPaterno,apellidoMaterno,fechanacimiento,codigopostal,estado,calle,numeroExt,telefono,correo) VALUES ('LXQS718249WKAOQWS5','Clim','Child','Iacovuzzi','1974-05-12','81672','Nayarit','Coleman',282,'2228840359','ciacovuzzi5o@dailymotion.com');
INSERT INTO Persona(curp,nombre,apellidoPaterno,apellidoMaterno,fechanacimiento,codigopostal,estado,calle,numeroExt,telefono,correo) VALUES ('ECFR706433EYDFMJE7','Grady','Menhci','Mellonby','1966-06-14','99390','Queretaro','Johnson',767,'7134000211','gmellonby5p@accuweather.com');
INSERT INTO Persona(curp,nombre,apellidoPaterno,apellidoMaterno,fechanacimiento,codigopostal,estado,calle,numeroExt,telefono,correo) VALUES ('DONB732900RTHLLRC2','Margit','Gioan','Woodroofe','1932-05-07','36467','Hidalgo','Laurel',659,'4344664895','mwoodroofe5q@ocn.ne.jp');
INSERT INTO Persona(curp,nombre,apellidoPaterno,apellidoMaterno,fechanacimiento,codigopostal,estado,calle,numeroExt,telefono,correo) VALUES ('WQCS499611MNTKVMK2','Daryle','Parradye','Vittle','2003-04-15','64819','Quintana Roo','Cambridge',934,'0230753226','dvittle5r@cornell.edu');
INSERT INTO Persona(curp,nombre,apellidoPaterno,apellidoMaterno,fechanacimiento,codigopostal,estado,calle,numeroExt,telefono,correo) VALUES ('SCZT074243IZLDOCA6','Lorry','Sutton','Poulsom','1974-03-28','71702','Guerrero','Drewry',174,'1203669118','lpoulsom5s@angelfire.com');
INSERT INTO Persona(curp,nombre,apellidoPaterno,apellidoMaterno,fechanacimiento,codigopostal,estado,calle,numeroExt,telefono,correo) VALUES ('KQED259518HVYEKZV4','Thedric','Cudbird','Edney','2001-05-16','83586','Michoacan','Wayridge',11,'4676348154','tedney5t@dedecms.com');
INSERT INTO Persona(curp,nombre,apellidoPaterno,apellidoMaterno,fechanacimiento,codigopostal,estado,calle,numeroExt,telefono,correo) VALUES ('IJAQ241575GFMOPMJ8','Lesley','Fruin','Leehane','1982-02-21','02236','Guanajuato','Judy',342,'6101095263','lleehane5u@facebook.com');
INSERT INTO Persona(curp,nombre,apellidoPaterno,apellidoMaterno,fechanacimiento,codigopostal,estado,calle,numeroExt,telefono,correo) VALUES ('YICZ738144IGMESZM9','Ave','Stampfer','Potbury','1931-04-14','53699','Aguascalientes','Arapahoe',366,'8603902523','apotbury5v@ifeng.com');
INSERT INTO Persona(curp,nombre,apellidoPaterno,apellidoMaterno,fechanacimiento,codigopostal,estado,calle,numeroExt,telefono,correo) VALUES ('DKSV596532YMDSOQX3','Falkner','Collingdon','Janjic','1971-10-06','90338','Aguascalientes','Fairview',793,'3840651765','fjanjic5w@booking.com');
INSERT INTO Persona(curp,nombre,apellidoPaterno,apellidoMaterno,fechanacimiento,codigopostal,estado,calle,numeroExt,telefono,correo) VALUES ('DZPL528106XTVXNLN9','Orson','Sallier','Shervil','1933-04-15','48647','Tlaxcala','Fairview',447,'3034283459','oshervil5x@mediafire.com');
INSERT INTO Persona(curp,nombre,apellidoPaterno,apellidoMaterno,fechanacimiento,codigopostal,estado,calle,numeroExt,telefono,correo) VALUES ('PAVI504144AHPFXGW2','Stu','Avramovich','D''Oyly','1933-07-04','38997','Campeche','Utah',301,'7043986333','sdoyly5y@github.io');
INSERT INTO Persona(curp,nombre,apellidoPaterno,apellidoMaterno,fechanacimiento,codigopostal,estado,calle,numeroExt,telefono,correo) VALUES ('FQHB217231ZBRPKKS9','Flynn','Hindenburg','Corriea','1972-07-15','32523','Nuevo Leon','Morningstar',214,'7622524832','fcorriea5z@sourceforge.net');
INSERT INTO Persona(curp,nombre,apellidoPaterno,apellidoMaterno,fechanacimiento,codigopostal,estado,calle,numeroExt,telefono,correo) VALUES ('GLLX809953JVNDMIE2','Aharon','Creffeild','Tomek','1944-01-18','22101','San Luis Potosi','Merrick',810,'4412339984','atomek60@fotki.com');
INSERT INTO Persona(curp,nombre,apellidoPaterno,apellidoMaterno,fechanacimiento,codigopostal,estado,calle,numeroExt,telefono,correo) VALUES ('DKQB063073FYBEZQM1','Calv','Lagden','Doniso','1921-07-06','36743','Colima','Nobel',709,'7398642655','cdoniso61@phoca.cz');
INSERT INTO Persona(curp,nombre,apellidoPaterno,apellidoMaterno,fechanacimiento,codigopostal,estado,calle,numeroExt,telefono,correo) VALUES ('CNMU495933WINBCNG4','Ezmeralda','Giacomi','Springthorpe','2001-12-12','14780','San Luis Potosi','Anniversary',853,'2980961208','espringthorpe62@sohu.com');
INSERT INTO Persona(curp,nombre,apellidoPaterno,apellidoMaterno,fechanacimiento,codigopostal,estado,calle,numeroExt,telefono,correo) VALUES ('CMYZ680731UHTAYUC6','Olive','Pappin','Kinnett','1995-06-05','22957','Zacatecas','Jay',429,'9209342476','okinnett63@sphinn.com');
INSERT INTO Persona(curp,nombre,apellidoPaterno,apellidoMaterno,fechanacimiento,codigopostal,estado,calle,numeroExt,telefono,correo) VALUES ('BVZB193939PJAIAMK3','Lynelle','Cubin','Gadie','1971-10-06','97017','Campeche','Becker',972,'0705897950','lgadie64@ucoz.ru');
INSERT INTO Persona(curp,nombre,apellidoPaterno,apellidoMaterno,fechanacimiento,codigopostal,estado,calle,numeroExt,telefono,correo) VALUES ('JAMB642353USMYOAB7','Loria','Geal','Ruggen','1995-12-12','36123','San Luis Potosi','Nobel',818,'3999846657','lruggen65@theguardian.com');
INSERT INTO Persona(curp,nombre,apellidoPaterno,apellidoMaterno,fechanacimiento,codigopostal,estado,calle,numeroExt,telefono,correo) VALUES ('OKVT295197BRIUZIR3','Catrina','Churchard','Cahill','1925-11-15','45329','Veracruz','Bluejay',995,'3415467370','ccahill66@bigcartel.com');
INSERT INTO Persona(curp,nombre,apellidoPaterno,apellidoMaterno,fechanacimiento,codigopostal,estado,calle,numeroExt,telefono,correo) VALUES ('IQCP441262CZMBWOD7','Darren','Livingstone','Wigley','1989-08-22','15553','Aguascalientes','Hauk',275,'6599416786','dwigley67@netvibes.com');
INSERT INTO Persona(curp,nombre,apellidoPaterno,apellidoMaterno,fechanacimiento,codigopostal,estado,calle,numeroExt,telefono,correo) VALUES ('FUZS795512DRYEIRT0','Waring','Varvara','Pawlowicz','1974-05-19','37819','Jalisco','Kedzie',682,'9726348824','wpawlowicz68@istockphoto.com');
INSERT INTO Persona(curp,nombre,apellidoPaterno,apellidoMaterno,fechanacimiento,codigopostal,estado,calle,numeroExt,telefono,correo) VALUES ('YKBD220809JJZFYSD6','Verla','Lebang','Lesslie','1920-10-07','42603','Yucatan','Comanche',637,'0243055565','vlesslie69@nationalgeographic.com');
INSERT INTO Persona(curp,nombre,apellidoPaterno,apellidoMaterno,fechanacimiento,codigopostal,estado,calle,numeroExt,telefono,correo) VALUES ('YWER308055ZNVKVYY1','Elsey','Scroggins','Ughini','1953-02-18','30837','Chiapas','Kipling',978,'2700424727','eughini6a@ow.ly');
INSERT INTO Persona(curp,nombre,apellidoPaterno,apellidoMaterno,fechanacimiento,codigopostal,estado,calle,numeroExt,telefono,correo) VALUES ('DYCQ012762OEPQYEK7','Sheffield','Rooze','Braham','1973-05-18','12951','Guanajuato','Pepper Wood',85,'3688521021','sbraham6b@huffingtonpost.com');
INSERT INTO Persona(curp,nombre,apellidoPaterno,apellidoMaterno,fechanacimiento,codigopostal,estado,calle,numeroExt,telefono,correo) VALUES ('PTII496140KTMFUNB6','Whitney','O''Hagan','Samter','1973-03-31','26868','Nayarit','Riverside',611,'7990662402','wsamter6c@github.io');
INSERT INTO Persona(curp,nombre,apellidoPaterno,apellidoMaterno,fechanacimiento,codigopostal,estado,calle,numeroExt,telefono,correo) VALUES ('AAQB435832OHQBPCE0','Elyssa','Petticrew','Skrzynski','1944-12-29','67169','Morelos','Merchant',426,'6948564161','eskrzynski6d@tmall.com');
INSERT INTO Persona(curp,nombre,apellidoPaterno,apellidoMaterno,fechanacimiento,codigopostal,estado,calle,numeroExt,telefono,correo) VALUES ('UNFJ263053DWNVHXK4','Angelina','Alster','Sayers','1921-11-16','71062','Durango','Grover',685,'6800407203','asayers6e@xinhuanet.com');
INSERT INTO Persona(curp,nombre,apellidoPaterno,apellidoMaterno,fechanacimiento,codigopostal,estado,calle,numeroExt,telefono,correo) VALUES ('QNTP786420PBLNRLU7','Vincenz','MacKintosh','Murrum','1959-01-01','28587','Michoacan','Daystar',844,'6422512841','vmurrum6f@businessweek.com');
INSERT INTO Persona(curp,nombre,apellidoPaterno,apellidoMaterno,fechanacimiento,codigopostal,estado,calle,numeroExt,telefono,correo) VALUES ('EBFF056246ETUHQJK9','Galina','Kiossel','Klarzynski','1943-05-26','12982','Nuevo Leon','Anderson',514,'4228759918','gklarzynski6g@technorati.com');
INSERT INTO Persona(curp,nombre,apellidoPaterno,apellidoMaterno,fechanacimiento,codigopostal,estado,calle,numeroExt,telefono,correo) VALUES ('IVIG089807TJZMQDF7','Kimberlyn','Baggally','Willshere','1925-10-30','75344','Queretaro','Bonner',977,'3591304293','kwillshere6h@nsw.gov.au');
INSERT INTO Persona(curp,nombre,apellidoPaterno,apellidoMaterno,fechanacimiento,codigopostal,estado,calle,numeroExt,telefono,correo) VALUES ('ILKJ110319INNJHAC2','Jammie','Gouly','Cousin','1922-02-16','33811','Queretaro','Eagle Crest',263,'4086255179','jcousin6i@marriott.com');
INSERT INTO Persona(curp,nombre,apellidoPaterno,apellidoMaterno,fechanacimiento,codigopostal,estado,calle,numeroExt,telefono,correo) VALUES ('ROTF071728TSUIBGA8','Polly','Lamdin','Sporton','1921-12-22','43464','Queretaro','Farwell',634,'7876603273','psporton6j@cisco.com');
INSERT INTO Persona(curp,nombre,apellidoPaterno,apellidoMaterno,fechanacimiento,codigopostal,estado,calle,numeroExt,telefono,correo) VALUES ('TFFH879649HJINEZB7','Evyn','Filipiak','Radborn','1995-07-30','29726','Zacatecas','Merry',562,'9165398490','eradborn6k@pinterest.com');
INSERT INTO Persona(curp,nombre,apellidoPaterno,apellidoMaterno,fechanacimiento,codigopostal,estado,calle,numeroExt,telefono,correo) VALUES ('JJQW377862IRAJHDO9','Roobbie','Meneghi','Raffeorty','1929-12-01','27494','Veracruz','Nobel',47,'9427863565','rraffeorty6l@over-blog.com');
INSERT INTO Persona(curp,nombre,apellidoPaterno,apellidoMaterno,fechanacimiento,codigopostal,estado,calle,numeroExt,telefono,correo) VALUES ('GSCV141590BQYANEK3','Jere','Vannet','Reynault','1955-11-26','83751','Puebla','Macpherson',982,'3716700511','jreynault6m@webs.com');
INSERT INTO Persona(curp,nombre,apellidoPaterno,apellidoMaterno,fechanacimiento,codigopostal,estado,calle,numeroExt,telefono,correo) VALUES ('HYDC194460DMXGFVW0','Deloria','Foucard','Kivlin','1936-11-20','53477','Estado de Mexico','Sunfield',274,'6739802370','dkivlin6n@blogger.com');
INSERT INTO Persona(curp,nombre,apellidoPaterno,apellidoMaterno,fechanacimiento,codigopostal,estado,calle,numeroExt,telefono,correo) VALUES ('FQOJ871479KAFXFSA6','Con','Thacke','Fend','1930-03-22','52917','Colima','Clarendon',287,'9168524073','cfend6o@livejournal.com');
INSERT INTO Persona(curp,nombre,apellidoPaterno,apellidoMaterno,fechanacimiento,codigopostal,estado,calle,numeroExt,telefono,correo) VALUES ('KPAE689846MCBEUPP9','Grete','Moy','Dobrowlski','1981-08-21','66667','Durango','1st',106,'5935050378','gdobrowlski6p@imageshack.us');
INSERT INTO Persona(curp,nombre,apellidoPaterno,apellidoMaterno,fechanacimiento,codigopostal,estado,calle,numeroExt,telefono,correo) VALUES ('LYVX164922RDBLBYX7','Gabrila','Goulborn','Ibbotson','1955-10-12','51789','Oaxaca','Texas',815,'2241050454','gibbotson6q@unblog.fr');
INSERT INTO Persona(curp,nombre,apellidoPaterno,apellidoMaterno,fechanacimiento,codigopostal,estado,calle,numeroExt,telefono,correo) VALUES ('CYOQ613134NQMYCUN1','Anstice','Bryden','Kavanagh','1938-05-10','90125','Quintana Roo','East',502,'6378465644','akavanagh6r@businessweek.com');
INSERT INTO Persona(curp,nombre,apellidoPaterno,apellidoMaterno,fechanacimiento,codigopostal,estado,calle,numeroExt,telefono,correo) VALUES ('TFPV360450KCVTUVH7','Porty','Petyakov','Getty','1989-10-01','50901','Tamaulipas','Artisan',597,'1657698272','pgetty6s@mail.ru');
INSERT INTO Persona(curp,nombre,apellidoPaterno,apellidoMaterno,fechanacimiento,codigopostal,estado,calle,numeroExt,telefono,correo) VALUES ('WVMC239938BPWGGVO2','Frederick','Hitter','Kemetz','1985-08-08','31921','Tlaxcala','Southridge',829,'1500112353','fkemetz6t@ed.gov');
INSERT INTO Persona(curp,nombre,apellidoPaterno,apellidoMaterno,fechanacimiento,codigopostal,estado,calle,numeroExt,telefono,correo) VALUES ('CHZY744351DSISPPO5','Pansy','Gerram','Retchless','1959-04-28','03163','Estado de Mexico','Debs',852,'2305624920','pretchless6u@1und1.de');
INSERT INTO Persona(curp,nombre,apellidoPaterno,apellidoMaterno,fechanacimiento,codigopostal,estado,calle,numeroExt,telefono,correo) VALUES ('GKEP388079LSYIPWZ6','Katharyn','Iori','Faulconer','2004-01-23','97216','Sinaloa','Tennessee',262,'2868043019','kfaulconer6v@fastcompany.com');
INSERT INTO Persona(curp,nombre,apellidoPaterno,apellidoMaterno,fechanacimiento,codigopostal,estado,calle,numeroExt,telefono,correo) VALUES ('ODSS216641PNYGWFK7','Jodie','Tracey','Uwins','1994-04-08','32091','Nayarit','Moose',319,'6103432610','juwins6w@flickr.com');
INSERT INTO Persona(curp,nombre,apellidoPaterno,apellidoMaterno,fechanacimiento,codigopostal,estado,calle,numeroExt,telefono,correo) VALUES ('UYYK316559QVUPPQY8','Heddi','Bowles','Tavner','1948-11-09','11974','Tamaulipas','Northland',248,'1307576561','htavner6x@ycombinator.com');
INSERT INTO Persona(curp,nombre,apellidoPaterno,apellidoMaterno,fechanacimiento,codigopostal,estado,calle,numeroExt,telefono,correo) VALUES ('JYLN146690UUXHIXS2','Zonnya','Rorke','Mistry','1996-08-10','09634','Ciudad de Mexico','Barby',200,'3840615672','zmistry6y@sbwire.com');
INSERT INTO Persona(curp,nombre,apellidoPaterno,apellidoMaterno,fechanacimiento,codigopostal,estado,calle,numeroExt,telefono,correo) VALUES ('OMJM247091BBTNRYN5','Meggy','Walby','Brotherhood','1937-07-26','99412','Morelos','Karstens',552,'0897339133','mbrotherhood6z@jigsy.com');
INSERT INTO Persona(curp,nombre,apellidoPaterno,apellidoMaterno,fechanacimiento,codigopostal,estado,calle,numeroExt,telefono,correo) VALUES ('VRSD830640ZBQEJGJ5','Curr','Rohan','Baiden','1961-02-25','90114','Sonora','Dennis',270,'6905754731','cbaiden70@fda.gov');
INSERT INTO Persona(curp,nombre,apellidoPaterno,apellidoMaterno,fechanacimiento,codigopostal,estado,calle,numeroExt,telefono,correo) VALUES ('FJAU722929SEIQALB7','Freda','Goschalk','McGrorty','1957-05-26','52804','Chihuahua','Heffernan',543,'1780720668','fmcgrorty71@independent.co.uk');
INSERT INTO Persona(curp,nombre,apellidoPaterno,apellidoMaterno,fechanacimiento,codigopostal,estado,calle,numeroExt,telefono,correo) VALUES ('KKPQ040950BLHZZGB6','Evey','Fantin','Utley','1926-02-25','50709','Colima','Dahle',622,'2824116318','eutley72@bbc.co.uk');
INSERT INTO Persona(curp,nombre,apellidoPaterno,apellidoMaterno,fechanacimiento,codigopostal,estado,calle,numeroExt,telefono,correo) VALUES ('CNNZ738672NRETZYV5','Giordano','Plews','Czaple','1936-06-24','64788','Baja California Sur','Nobel',144,'5732707749','gczaple73@harvard.edu');
INSERT INTO Persona(curp,nombre,apellidoPaterno,apellidoMaterno,fechanacimiento,codigopostal,estado,calle,numeroExt,telefono,correo) VALUES ('DNTE736098ZWRBYDV6','Antonius','Haszard','Tregoning','1991-11-27','97883','Guanajuato','Rockefeller',926,'4361865554','atregoning74@phpbb.com');
INSERT INTO Persona(curp,nombre,apellidoPaterno,apellidoMaterno,fechanacimiento,codigopostal,estado,calle,numeroExt,telefono,correo) VALUES ('QBAY420240BVMMWMZ1','Enrica','Moorerud','Camble','1968-07-31','44747','San Luis Potosi','Evergreen',318,'2440792549','ecamble75@i2i.jp');
INSERT INTO Persona(curp,nombre,apellidoPaterno,apellidoMaterno,fechanacimiento,codigopostal,estado,calle,numeroExt,telefono,correo) VALUES ('XIUF790438BSDSBUY7','Vitoria','Nystrom','Winscomb','1986-09-05','33284','Tamaulipas','Miller',730,'2125540120','vwinscomb76@google.de');
INSERT INTO Persona(curp,nombre,apellidoPaterno,apellidoMaterno,fechanacimiento,codigopostal,estado,calle,numeroExt,telefono,correo) VALUES ('KOMN605603ESIBLWI7','Madelyn','Piggin','Raulstone','1944-07-02','32922','Ciudad de Mexico','Hansons',528,'8814997148','mraulstone77@accuweather.com');
INSERT INTO Persona(curp,nombre,apellidoPaterno,apellidoMaterno,fechanacimiento,codigopostal,estado,calle,numeroExt,telefono,correo) VALUES ('IQJT329573PGVTSKU5','Maurene','Vanini','Valero','1962-10-18','54638','Hidalgo','Donald',602,'2672759858','mvalero78@tumblr.com');
INSERT INTO Persona(curp,nombre,apellidoPaterno,apellidoMaterno,fechanacimiento,codigopostal,estado,calle,numeroExt,telefono,correo) VALUES ('STFE972761QSOYYXU4','Ryan','Elman','Ghion','1985-04-09','04803','Oaxaca','Arapahoe',970,'5663860222','rghion79@ning.com');
INSERT INTO Persona(curp,nombre,apellidoPaterno,apellidoMaterno,fechanacimiento,codigopostal,estado,calle,numeroExt,telefono,correo) VALUES ('QDRP479183BEWTRSD9','Eduard','Badsey','Skaife','1967-11-26','51676','Baja California Sur','Talmadge',806,'9851597804','eskaife7a@ask.com');
INSERT INTO Persona(curp,nombre,apellidoPaterno,apellidoMaterno,fechanacimiento,codigopostal,estado,calle,numeroExt,telefono,correo) VALUES ('LUKR498550CSWUOST9','Mickie','Leeming','Naptine','1972-05-13','78264','Quintana Roo','Starling',304,'2366918470','mnaptine7b@auda.org.au');
INSERT INTO Persona(curp,nombre,apellidoPaterno,apellidoMaterno,fechanacimiento,codigopostal,estado,calle,numeroExt,telefono,correo) VALUES ('SNXV961431XCLBJVA4','Ignazio','Eccersley','Selway','1965-03-23','25455','Chiapas','Carey',566,'6033965823','iselway7c@list-manage.com');
INSERT INTO Persona(curp,nombre,apellidoPaterno,apellidoMaterno,fechanacimiento,codigopostal,estado,calle,numeroExt,telefono,correo) VALUES ('NLHJ905127AOZLXVX5','Yancey','Goning','Filipponi','1933-10-01','48037','Sonora','Stoughton',71,'5882429043','yfilipponi7d@gmpg.org');
INSERT INTO Persona(curp,nombre,apellidoPaterno,apellidoMaterno,fechanacimiento,codigopostal,estado,calle,numeroExt,telefono,correo) VALUES ('BAQZ070368DOFKOOI2','Boycie','Kingstne','Ciccerale','1930-08-07','94359','Campeche','Portage',80,'7998086698','bciccerale7e@google.co.jp');
INSERT INTO Persona(curp,nombre,apellidoPaterno,apellidoMaterno,fechanacimiento,codigopostal,estado,calle,numeroExt,telefono,correo) VALUES ('ARCC515903CNGXETW6','Binni','Patterson','Sherwell','1952-03-01','92489','Michoacan','Bartillon',397,'7025322818','bsherwell7f@unblog.fr');
INSERT INTO Persona(curp,nombre,apellidoPaterno,apellidoMaterno,fechanacimiento,codigopostal,estado,calle,numeroExt,telefono,correo) VALUES ('FZQN022433MCSJCHG1','Coleen','Nicholls','Oakenford','1948-02-19','21419','Nuevo Leon','Farmco',341,'8277139269','coakenford7g@alibaba.com');
INSERT INTO Persona(curp,nombre,apellidoPaterno,apellidoMaterno,fechanacimiento,codigopostal,estado,calle,numeroExt,telefono,correo) VALUES ('TDEK137441XARARQD7','Travis','D''Enrico','Houson','1931-10-25','60465','Tabasco','Raven',543,'0708358603','thouson7h@issuu.com');
INSERT INTO Persona(curp,nombre,apellidoPaterno,apellidoMaterno,fechanacimiento,codigopostal,estado,calle,numeroExt,telefono,correo) VALUES ('UZOF501415NSOCDJK0','Cherida','Schechter','Ingleson','1935-11-30','26676','Nuevo Leon','Veith',885,'9014931913','cingleson7i@patch.com');
INSERT INTO Persona(curp,nombre,apellidoPaterno,apellidoMaterno,fechanacimiento,codigopostal,estado,calle,numeroExt,telefono,correo) VALUES ('AZJD623242LJXWCQA0','Wain','Pendleberry','Watterson','1970-01-24','67074','San Luis Potosi','Sachtjen',34,'0139792321','wwatterson7j@webeden.co.uk');
INSERT INTO Persona(curp,nombre,apellidoPaterno,apellidoMaterno,fechanacimiento,codigopostal,estado,calle,numeroExt,telefono,correo) VALUES ('SFAR460655OLFZEOO7','Venita','Chesser','Yewdell','1951-10-05','03896','Baja California Sur','Meadow Ridge',103,'7876994605','vyewdell7k@nba.com');
INSERT INTO Persona(curp,nombre,apellidoPaterno,apellidoMaterno,fechanacimiento,codigopostal,estado,calle,numeroExt,telefono,correo) VALUES ('TQUD402851CXBKHRB1','Kimberlyn','Dolton','Lottrington','1984-12-31','89577','Estado de Mexico','Marquette',887,'1881565548','klottrington7l@g.co');
INSERT INTO Persona(curp,nombre,apellidoPaterno,apellidoMaterno,fechanacimiento,codigopostal,estado,calle,numeroExt,telefono,correo) VALUES ('UJWU896555EFOXMHU7','Carce','Grigson','Rozzier','1926-06-22','86243','Durango','Arapahoe',830,'0382428848','crozzier7m@qq.com');
INSERT INTO Persona(curp,nombre,apellidoPaterno,apellidoMaterno,fechanacimiento,codigopostal,estado,calle,numeroExt,telefono,correo) VALUES ('TMMJ574382YSPCEGD1','Thor','Niemiec','Tipping','1952-01-05','47690','Colima','Gerald',92,'5887624873','ttipping7n@walmart.com');
INSERT INTO Persona(curp,nombre,apellidoPaterno,apellidoMaterno,fechanacimiento,codigopostal,estado,calle,numeroExt,telefono,correo) VALUES ('ZRFA628442OQZNHQF9','Findlay','Sunley','Blemen','2003-04-06','94790','Tlaxcala','Cordelia',928,'7670263201','fblemen7o@amazon.de');
INSERT INTO Persona(curp,nombre,apellidoPaterno,apellidoMaterno,fechanacimiento,codigopostal,estado,calle,numeroExt,telefono,correo) VALUES ('PAWO702088PNWRWUC4','Ofilia','Rowney','Purple','1962-08-16','96662','Tlaxcala','Transport',362,'3132422835','opurple7p@alexa.com');
INSERT INTO Persona(curp,nombre,apellidoPaterno,apellidoMaterno,fechanacimiento,codigopostal,estado,calle,numeroExt,telefono,correo) VALUES ('LEHB413324DOAORCQ0','Catrina','Willshear','Castrillo','1952-01-13','74285','Michoacan','Swallow',1,'8619680814','ccastrillo7q@photobucket.com');
INSERT INTO Persona(curp,nombre,apellidoPaterno,apellidoMaterno,fechanacimiento,codigopostal,estado,calle,numeroExt,telefono,correo) VALUES ('OBIJ918150BEWOSEK7','Torrance','Chrestien','Poltone','1947-11-23','22813','Oaxaca','Karstens',719,'5909244198','tpoltone7r@skype.com');
INSERT INTO Persona(curp,nombre,apellidoPaterno,apellidoMaterno,fechanacimiento,codigopostal,estado,calle,numeroExt,telefono,correo) VALUES ('FPLX573813CEFZVOS3','Carson','Urwin','Lindborg','2001-06-03','56088','Baja California Sur','Sundown',277,'2644210160','clindborg7s@state.gov');
INSERT INTO Persona(curp,nombre,apellidoPaterno,apellidoMaterno,fechanacimiento,codigopostal,estado,calle,numeroExt,telefono,correo) VALUES ('MRNH643295FUOPOBW4','Conroy','Birkenhead','Attiwill','1959-12-14','83379','Guerrero','Gateway',372,'0238792109','cattiwill7t@sitemeter.com');
INSERT INTO Persona(curp,nombre,apellidoPaterno,apellidoMaterno,fechanacimiento,codigopostal,estado,calle,numeroExt,telefono,correo) VALUES ('SURN177740ZEOPRBM9','Carmine','Sertin','Gilogly','1999-10-01','89119','Coahuila','Carberry',596,'4622415816','cgilogly7u@cbsnews.com');
INSERT INTO Persona(curp,nombre,apellidoPaterno,apellidoMaterno,fechanacimiento,codigopostal,estado,calle,numeroExt,telefono,correo) VALUES ('VHHH643431SMWFKJH9','Mason','Gribbell','Jory','1985-07-01','56544','Chihuahua','Loftsgordon',353,'3677541496','mjory7v@mit.edu');
INSERT INTO Persona(curp,nombre,apellidoPaterno,apellidoMaterno,fechanacimiento,codigopostal,estado,calle,numeroExt,telefono,correo) VALUES ('ZPYZ795614NCNYSSW3','Francesca','Andryushin','Windress','1979-12-01','77408','Hidalgo','Messerschmidt',484,'2823175174','fwindress7w@boston.com');
INSERT INTO Persona(curp,nombre,apellidoPaterno,apellidoMaterno,fechanacimiento,codigopostal,estado,calle,numeroExt,telefono,correo) VALUES ('WNYH551275ECUGQQJ3','Cordula','Erwin','Parry','1958-05-31','73465','Baja California Sur','Cascade',115,'2988898763','cparry7x@pen.io');
INSERT INTO Persona(curp,nombre,apellidoPaterno,apellidoMaterno,fechanacimiento,codigopostal,estado,calle,numeroExt,telefono,correo) VALUES ('RXYM133617MQCKYZP2','Vin','Verling','Smithson','1993-07-21','96703','Nayarit','Clemons',381,'6558631102','vsmithson7y@pinterest.com');
INSERT INTO Persona(curp,nombre,apellidoPaterno,apellidoMaterno,fechanacimiento,codigopostal,estado,calle,numeroExt,telefono,correo) VALUES ('XJIY292002OPWLEAB1','Deanne','Ransfield','Meatyard','1953-10-13','57115','Chihuahua','Northwestern',925,'9351783843','dmeatyard7z@economist.com');
INSERT INTO Persona(curp,nombre,apellidoPaterno,apellidoMaterno,fechanacimiento,codigopostal,estado,calle,numeroExt,telefono,correo) VALUES ('IAAS296910YVNICQC1','Celka','Marcome','Stapells','1938-02-22','22858','Ciudad de Mexico','Buena Vista',734,'4294091540','cstapells80@hhs.gov');
INSERT INTO Persona(curp,nombre,apellidoPaterno,apellidoMaterno,fechanacimiento,codigopostal,estado,calle,numeroExt,telefono,correo) VALUES ('EXKV521126ICRYFDR0','Padgett','Petersen','Shrimpling','1989-10-03','82934','Estado de Mexico','Waywood',202,'8703382116','pshrimpling81@yelp.com');
INSERT INTO Persona(curp,nombre,apellidoPaterno,apellidoMaterno,fechanacimiento,codigopostal,estado,calle,numeroExt,telefono,correo) VALUES ('UKRH323807REULCAQ7','Magdaia','Storror','Schruur','1926-07-29','21274','Veracruz','Tony',102,'3406976814','mschruur82@surveymonkey.com');
INSERT INTO Persona(curp,nombre,apellidoPaterno,apellidoMaterno,fechanacimiento,codigopostal,estado,calle,numeroExt,telefono,correo) VALUES ('MUNF438898HZBMORP0','Elisabeth','Kleinber','Eginton','1981-01-20','30180','Chiapas','Carey',177,'6879102819','eeginton83@domainmarket.com');
INSERT INTO Persona(curp,nombre,apellidoPaterno,apellidoMaterno,fechanacimiento,codigopostal,estado,calle,numeroExt,telefono,correo) VALUES ('CNVA783213TJQNKIK6','Rosaline','Asker','Twiddle','1930-07-05','83874','Tabasco','Amoth',51,'5715915979','rtwiddle84@ask.com');
INSERT INTO Persona(curp,nombre,apellidoPaterno,apellidoMaterno,fechanacimiento,codigopostal,estado,calle,numeroExt,telefono,correo) VALUES ('ILUY668600DSETUFX2','Gabi','Parnaby','Claque','1996-02-28','67166','Tabasco','Eagan',217,'8752657015','gclaque85@delicious.com');
INSERT INTO Persona(curp,nombre,apellidoPaterno,apellidoMaterno,fechanacimiento,codigopostal,estado,calle,numeroExt,telefono,correo) VALUES ('SXHK036782GHPBICS9','Clarette','Arthurs','Wealleans','1992-06-13','60641','Colima','Vera',299,'1428485678','cwealleans86@amazon.co.jp');
INSERT INTO Persona(curp,nombre,apellidoPaterno,apellidoMaterno,fechanacimiento,codigopostal,estado,calle,numeroExt,telefono,correo) VALUES ('TUDC707048GUBMQQC2','Pace','Lebell','Lambard','1952-03-28','27720','Campeche','4th',172,'3246272679','plambard87@buzzfeed.com');
INSERT INTO Persona(curp,nombre,apellidoPaterno,apellidoMaterno,fechanacimiento,codigopostal,estado,calle,numeroExt,telefono,correo) VALUES ('UFJD524529ZUXCAVA3','Gerick','Wharton','Archbould','1995-04-14','71681','Queretaro','Park Meadow',823,'6465608986','garchbould88@comcast.net');
INSERT INTO Persona(curp,nombre,apellidoPaterno,apellidoMaterno,fechanacimiento,codigopostal,estado,calle,numeroExt,telefono,correo) VALUES ('CCSJ643505XWYCANZ4','Jack','McDowell','Weal','1991-10-07','05335','San Luis Potosi','Weeping Birch',710,'0985893360','jweal89@redcross.org');
INSERT INTO Persona(curp,nombre,apellidoPaterno,apellidoMaterno,fechanacimiento,codigopostal,estado,calle,numeroExt,telefono,correo) VALUES ('LQBI020422LKPXTUS5','Roy','Capaldi','Scroggs','1953-09-12','54605','Puebla','Sachs',112,'0541619465','rscroggs8a@ow.ly');
INSERT INTO Persona(curp,nombre,apellidoPaterno,apellidoMaterno,fechanacimiento,codigopostal,estado,calle,numeroExt,telefono,correo) VALUES ('XZGR738241VIGTAPZ0','Sula','Larkings','Andrusyak','1990-04-15','68743','Tabasco','Hovde',159,'0040824798','sandrusyak8b@discuz.net');

--TipoEmpleado
INSERT INTO TipoEmpleado(idTipoEmpleado,rol) VALUES (1,'Repartidor');
INSERT INTO TipoEmpleado(idTipoEmpleado,rol) VALUES (2,'Cajero');
INSERT INTO TipoEmpleado(idTipoEmpleado,rol) VALUES (3,'Tortillero');
INSERT INTO TipoEmpleado(idTipoEmpleado,rol) VALUES (4,'Taquero');
INSERT INTO TipoEmpleado(idTipoEmpleado,rol) VALUES (5,'Parrillero');
INSERT INTO TipoEmpleado(idTipoEmpleado,rol) VALUES (6,'Mesero');

--Empleado
INSERT INTO Empleado(CURP,idTipoEmpleado,idSucursal,salario,fechaInicio,nss,fechaUltAumento,rfc) VALUES ('YYKR237365FBNFDZG7',1,3,8226.78,'2022-03-14','36XMAF1Z4NR','2022-03-14','WGLU302766ZWB');
INSERT INTO Empleado(CURP,idTipoEmpleado,idSucursal,salario,fechaInicio,nss,fechaUltAumento,rfc) VALUES ('HYYN819653BOZNAMB9',6,5,6008.63,'2021-07-22','TM8N36S0P6W','2021-07-22','CJZX806533V1G');
INSERT INTO Empleado(CURP,idTipoEmpleado,idSucursal,salario,fechaInicio,nss,fechaUltAumento,rfc) VALUES ('VEYY005756DWVCKAQ0',1,5,6566.04,'2022-01-19','L9BFNSBLY36','2022-01-19','BDRU3322439DD');
INSERT INTO Empleado(CURP,idTipoEmpleado,idSucursal,salario,fechaInicio,nss,fechaUltAumento,rfc) VALUES ('JMXU732448WNSEMIU1',2,3,7685.33,'2021-06-04','FCXISJR4FHE','2021-06-04','PNKA576315EB9');
INSERT INTO Empleado(CURP,idTipoEmpleado,idSucursal,salario,fechaInicio,nss,fechaUltAumento,rfc) VALUES ('CQRQ687173MDFLXJZ5',1,4,9486.94,'2020-12-20','G9YH8R57YHO','2020-12-20','GKPD106510QWS');
INSERT INTO Empleado(CURP,idTipoEmpleado,idSucursal,salario,fechaInicio,nss,fechaUltAumento,rfc) VALUES ('LQUW431029CNDZGDI7',2,1,10345.35,'2021-07-09','RLUE6M4QYWS','2021-07-09','MQAK122195QVS');
INSERT INTO Empleado(CURP,idTipoEmpleado,idSucursal,salario,fechaInicio,nss,fechaUltAumento,rfc) VALUES ('BGTO614896CZJYTKS2',4,1,8530.33,'2021-09-23','NPYEE6OX1MM','2021-09-23','WLVW434790RZI');
INSERT INTO Empleado(CURP,idTipoEmpleado,idSucursal,salario,fechaInicio,nss,fechaUltAumento,rfc) VALUES ('IHYS472390FFLYSTU5',1,1,5967.58,'2021-11-05','BFP653JGL6V','2021-11-05','VQYA3149655A0');
INSERT INTO Empleado(CURP,idTipoEmpleado,idSucursal,salario,fechaInicio,nss,fechaUltAumento,rfc) VALUES ('WGLY222821QMXHJNT6',6,5,5561.64,'2021-01-21','DWYRO5ES5VX','2021-01-21','RAPE29119947Y');
INSERT INTO Empleado(CURP,idTipoEmpleado,idSucursal,salario,fechaInicio,nss,fechaUltAumento,rfc) VALUES ('VXAS568846SLPUDTM4',6,5,8635.15,'2021-10-05','GVFMENKUTHH','2021-10-05','IJMH225255PE8');
INSERT INTO Empleado(CURP,idTipoEmpleado,idSucursal,salario,fechaInicio,nss,fechaUltAumento,rfc) VALUES ('BWEW476614ILRUYRI2',5,5,11970.18,'2021-11-02','KQW28HMF5ZH','2021-11-02','FGBA7359218DK');
INSERT INTO Empleado(CURP,idTipoEmpleado,idSucursal,salario,fechaInicio,nss,fechaUltAumento,rfc) VALUES ('KYDO570991SLNTUTJ5',1,5,10838.61,'2021-04-09','UOOU76T822K','2021-04-09','BKQU743818XM9');
INSERT INTO Empleado(CURP,idTipoEmpleado,idSucursal,salario,fechaInicio,nss,fechaUltAumento,rfc) VALUES ('DUBL749266EWJEEML2',5,3,9371.19,'2021-01-21','X5WZPJSV5GW','2021-01-21','QLXT367686BZI');
INSERT INTO Empleado(CURP,idTipoEmpleado,idSucursal,salario,fechaInicio,nss,fechaUltAumento,rfc) VALUES ('MGQL948231GJJFUMP7',3,1,11010.3,'2020-07-24','GQXHD49UA3U','2020-07-24','OXFQ055901KT7');
INSERT INTO Empleado(CURP,idTipoEmpleado,idSucursal,salario,fechaInicio,nss,fechaUltAumento,rfc) VALUES ('DLLA916432FFYAESW0',2,5,8326.53,'2021-05-28','UAFVHBOUQW5','2021-05-28','CONO630121ZIZ');
INSERT INTO Empleado(CURP,idTipoEmpleado,idSucursal,salario,fechaInicio,nss,fechaUltAumento,rfc) VALUES ('ZNPK934724SGCDVIB2',3,4,11042.78,'2021-04-25','0R83LV6MWUY','2021-04-25','QGYU682730D60');
INSERT INTO Empleado(CURP,idTipoEmpleado,idSucursal,salario,fechaInicio,nss,fechaUltAumento,rfc) VALUES ('LKLO412720RFBZVZH2',5,1,9358.81,'2021-10-01','TRR0XX9HXC7','2021-10-01','BMQT4984348EP');
INSERT INTO Empleado(CURP,idTipoEmpleado,idSucursal,salario,fechaInicio,nss,fechaUltAumento,rfc) VALUES ('YTQR515703KYORVNX0',3,3,5708.45,'2020-10-11','TBBU0HDRU6R','2020-10-11','TXFN8462430RZ');
INSERT INTO Empleado(CURP,idTipoEmpleado,idSucursal,salario,fechaInicio,nss,fechaUltAumento,rfc) VALUES ('TXEC326117EDBZSJW4',4,1,9515.35,'2022-01-16','HEPC7H9WDO4','2022-01-16','YFKX707480M8B');
INSERT INTO Empleado(CURP,idTipoEmpleado,idSucursal,salario,fechaInicio,nss,fechaUltAumento,rfc) VALUES ('SABQ648945JEVASMM5',3,4,11079.46,'2020-09-14','J3JSQHOFIRF','2020-09-14','KDPN224496XV2');
INSERT INTO Empleado(CURP,idTipoEmpleado,idSucursal,salario,fechaInicio,nss,fechaUltAumento,rfc) VALUES ('HEEP254346MKGRNPD9',5,1,8893.1,'2020-07-27','CCX91K7YYDD','2020-07-27','ELER969178RR0');
INSERT INTO Empleado(CURP,idTipoEmpleado,idSucursal,salario,fechaInicio,nss,fechaUltAumento,rfc) VALUES ('TTIT236509JQQFBZV6',1,2,7494.32,'2021-07-30','W9TBNV3Q60W','2021-07-30','HBDI6323859P0');
INSERT INTO Empleado(CURP,idTipoEmpleado,idSucursal,salario,fechaInicio,nss,fechaUltAumento,rfc) VALUES ('PTJV012724ULFHNWD7',2,5,5353.78,'2020-07-04','OEMXUZAG1OY','2020-07-04','DCLX748796LAD');
INSERT INTO Empleado(CURP,idTipoEmpleado,idSucursal,salario,fechaInicio,nss,fechaUltAumento,rfc) VALUES ('HARG025205XLHEDDH4',2,3,7038.93,'2021-01-16','EL4IGL8DH6D','2021-01-16','KASK8899666R8');
INSERT INTO Empleado(CURP,idTipoEmpleado,idSucursal,salario,fechaInicio,nss,fechaUltAumento,rfc) VALUES ('ALSL166356ZZHYQBA5',4,2,11991.16,'2020-08-19','0QC1R9QWY6K','2020-08-19','TWAK403228HT8');
INSERT INTO Empleado(CURP,idTipoEmpleado,idSucursal,salario,fechaInicio,nss,fechaUltAumento,rfc) VALUES ('YGRV965353QDMHZTV4',3,5,11868.42,'2021-03-06','IQX6O90HA6I','2021-03-06','JYHE5284468A9');
INSERT INTO Empleado(CURP,idTipoEmpleado,idSucursal,salario,fechaInicio,nss,fechaUltAumento,rfc) VALUES ('NXSD215437QPQEGQB1',6,4,6402.73,'2022-02-12','CAS61Q3XG8F','2022-02-12','UZRL6760871BO');
INSERT INTO Empleado(CURP,idTipoEmpleado,idSucursal,salario,fechaInicio,nss,fechaUltAumento,rfc) VALUES ('AAGW233180QISTGRL5',2,1,9295.81,'2021-09-20','WDAAYD9N9VM','2021-09-20','XPZG2909738E3');
INSERT INTO Empleado(CURP,idTipoEmpleado,idSucursal,salario,fechaInicio,nss,fechaUltAumento,rfc) VALUES ('HFAL403867NDIGVGQ8',5,3,5756.28,'2022-05-04','F7FF03B2G5E','2022-05-04','WOHC416956HIZ');
INSERT INTO Empleado(CURP,idTipoEmpleado,idSucursal,salario,fechaInicio,nss,fechaUltAumento,rfc) VALUES ('YRRX521639BIKWOZQ9',4,3,9506.52,'2022-01-17','H9H1989PSHK','2022-01-17','NCDV765078GK5');
INSERT INTO Empleado(CURP,idTipoEmpleado,idSucursal,salario,fechaInicio,nss,fechaUltAumento,rfc) VALUES ('AXHN827039PERTWKA7',6,3,9506.52,'2022-01-17','89PSHKH9H19','2022-01-17','078GK5NCDV765');

--Tipo Vehiculo
INSERT INTO TipoVehiculo(idTipoVehiculo,descripcion) VALUES (1,'Motocicleta');
INSERT INTO TipoVehiculo(idTipoVehiculo,descripcion) VALUES (2,'Bicicleta');

-- Repartidor
INSERT INTO Repartidor(CURP,tieneTransporte,noLicencia) VALUES ('YYKR237365FBNFDZG7','1','0880252814');
INSERT INTO Repartidor(CURP,tieneTransporte,noLicencia) VALUES ('VEYY005756DWVCKAQ0','1','4597909310');
INSERT INTO Repartidor(CURP,tieneTransporte,noLicencia) VALUES ('CQRQ687173MDFLXJZ5','1','7540312386');
INSERT INTO Repartidor(CURP,tieneTransporte,noLicencia) VALUES ('IHYS472390FFLYSTU5','0','3080384393');
INSERT INTO Repartidor(CURP,tieneTransporte,noLicencia) VALUES ('KYDO570991SLNTUTJ5','1','5168226131');
INSERT INTO Repartidor(CURP,tieneTransporte,noLicencia) VALUES ('TTIT236509JQQFBZV6','1','2878736107');

--Vehiculo
INSERT INTO Vehiculo(idVehiculo,CURPRepartidor,tipo,marca,modelo) VALUES (1,'YYKR237365FBNFDZG7',2,'VonRueden, Hartmann and Cremin','Enclave');
INSERT INTO Vehiculo(idVehiculo,CURPRepartidor,tipo,marca,modelo) VALUES (2,'VEYY005756DWVCKAQ0',1,'Ratke, Kunde and Trantow','9-2X');
INSERT INTO Vehiculo(idVehiculo,CURPRepartidor,tipo,marca,modelo) VALUES (3,'CQRQ687173MDFLXJZ5',1,'Howe-Bins','CR-V');
INSERT INTO Vehiculo(idVehiculo,CURPRepartidor,tipo,marca,modelo) VALUES (4,'KYDO570991SLNTUTJ5',2,'Moore-Wilkinson','Thunderbird');
INSERT INTO Vehiculo(idVehiculo,CURPRepartidor,tipo,marca,modelo) VALUES (5,'TTIT236509JQQFBZV6',1,'Farrell-Feeney','LeBaron');

--Provedor
INSERT INTO Provedor(idProvedor,nombre,telefono) VALUES (1,'Harris-Mraz','4875015848');
INSERT INTO Provedor(idProvedor,nombre,telefono) VALUES (2,'Cummerata and Sons','6112434081');
INSERT INTO Provedor(idProvedor,nombre,telefono) VALUES (3,'Prohaska and Sons','0244161543');
INSERT INTO Provedor(idProvedor,nombre,telefono) VALUES (4,'Rippin, Hahn and Beer','2935025839');
INSERT INTO Provedor(idProvedor,nombre,telefono) VALUES (5,'Wilkinson-Price','8361570158');
INSERT INTO Provedor(idProvedor,nombre,telefono) VALUES (6,'Lindgren-Thompson','6930611316');
INSERT INTO Provedor(idProvedor,nombre,telefono) VALUES (7,'Price Inc','7730547861');
INSERT INTO Provedor(idProvedor,nombre,telefono) VALUES (8,'Wolff Inc','0853756807');

--ProductoNoPerecedero
INSERT INTO ProductoNoPerecedero(idProductoNoPerecedero,idProvedor,nombre,cantidad,marca,fechaAdquisicion,precioCompra) VALUES (1,4,'MesaCorta',43,'Fritsch-Kemmer','2022-05-16',4407.6);
INSERT INTO ProductoNoPerecedero(idProductoNoPerecedero,idProvedor,nombre,cantidad,marca,fechaAdquisicion,precioCompra) VALUES (2,8,'MesaLarga',16,'Oberbrunner Inc','2022-06-16',1917.79);
INSERT INTO ProductoNoPerecedero(idProductoNoPerecedero,idProvedor,nombre,cantidad,marca,fechaAdquisicion,precioCompra) VALUES (3,4,'Servilletero',24,'Blick, Hills and Pagac','2022-04-26',5311.66);
INSERT INTO ProductoNoPerecedero(idProductoNoPerecedero,idProvedor,nombre,cantidad,marca,fechaAdquisicion,precioCompra) VALUES (4,3,'Salero',45,'Hansen Inc','2022-01-01',6211.66);
INSERT INTO ProductoNoPerecedero(idProductoNoPerecedero,idProvedor,nombre,cantidad,marca,fechaAdquisicion,precioCompra) VALUES (5,3,'Mantel',18,'Moen, Schuppe and Leffler','2022-05-17',9612.41);
INSERT INTO ProductoNoPerecedero(idProductoNoPerecedero,idProvedor,nombre,cantidad,marca,fechaAdquisicion,precioCompra) VALUES (6,7,'Perchero',11,'Will and Sons','2022-01-16',4861.36);
INSERT INTO ProductoNoPerecedero(idProductoNoPerecedero,idProvedor,nombre,cantidad,marca,fechaAdquisicion,precioCompra) VALUES (7,2,'Silla',19,'Hahn-Volkman','2022-01-16',5850.52);
INSERT INTO ProductoNoPerecedero(idProductoNoPerecedero,idProvedor,nombre,cantidad,marca,fechaAdquisicion,precioCompra) VALUES (8,4,'Servilletas',12,'Halvorson-Nitzsche','2022-01-16',6404.79);
INSERT INTO ProductoNoPerecedero(idProductoNoPerecedero,idProvedor,nombre,cantidad,marca,fechaAdquisicion,precioCompra) VALUES (9,3,'Cuchara',47,'Wehner, Sawayn and Kunze','2022-01-16',6418.0);
INSERT INTO ProductoNoPerecedero(idProductoNoPerecedero,idProvedor,nombre,cantidad,marca,fechaAdquisicion,precioCompra) VALUES (10,2,'Plato',43,'Rempel, Hoppe and Homenick','2022-01-16',6641.62);
INSERT INTO ProductoNoPerecedero(idProductoNoPerecedero,idProvedor,nombre,cantidad,marca,fechaAdquisicion,precioCompra) VALUES (11,7,'Vaso',28,'Conroy, Berge and Lynch','2022-01-16',2744.29);
INSERT INTO ProductoNoPerecedero(idProductoNoPerecedero,idProvedor,nombre,cantidad,marca,fechaAdquisicion,precioCompra) VALUES (12,3,'Bolsas',34,'Bernier, Armstrong and Denesik','2022-01-16',639.64);
INSERT INTO ProductoNoPerecedero(idProductoNoPerecedero,idProvedor,nombre,cantidad,marca,fechaAdquisicion,precioCompra) VALUES (13,2,'Cuchillo',47,'Breitenberg and Sons','2022-01-16',521.74);
INSERT INTO ProductoNoPerecedero(idProductoNoPerecedero,idProvedor,nombre,cantidad,marca,fechaAdquisicion,precioCompra) VALUES (14,1,'Tenedor',17,'Glover-Botsford','2022-01-16',1266.18);

--Ingrediente
INSERT INTO Ingrediente(idIngrediente,idProvedor,nombre,cantidad,marca,fechaAdquisicion,precioCompra,fechaCaducidad) VALUES (1,2,'tomate',97,'Crona Inc','2021-10-28',118,'2022-07-17');
INSERT INTO Ingrediente(idIngrediente,idProvedor,nombre,cantidad,marca,fechaAdquisicion,precioCompra,fechaCaducidad) VALUES (2,3,'chile morron',36,'Toy, Tremblay and Stamm','2021-06-23',167,'2022-12-12');
INSERT INTO Ingrediente(idIngrediente,idProvedor,nombre,cantidad,marca,fechaAdquisicion,precioCompra,fechaCaducidad) VALUES (3,2,'sal',35,'Sanford, Kihn and Howell','2021-07-21',271,'2022-09-16');
INSERT INTO Ingrediente(idIngrediente,idProvedor,nombre,cantidad,marca,fechaAdquisicion,precioCompra,fechaCaducidad) VALUES (4,1,'limon',47,'Wunsch and Sons','2021-11-08',104,'2022-07-23');
INSERT INTO Ingrediente(idIngrediente,idProvedor,nombre,cantidad,marca,fechaAdquisicion,precioCompra,fechaCaducidad) VALUES (5,8,'cebolla',66,'Kassulke, Kutch and Renner','2021-12-21',273,'2023-04-18');
INSERT INTO Ingrediente(idIngrediente,idProvedor,nombre,cantidad,marca,fechaAdquisicion,precioCompra,fechaCaducidad) VALUES (6,5,'nopal',43,'Brekke LLC','2021-12-06',77,'2022-05-12');
INSERT INTO Ingrediente(idIngrediente,idProvedor,nombre,cantidad,marca,fechaAdquisicion,precioCompra,fechaCaducidad) VALUES (7,6,'championes',42,'Volkman, Ziemann and Medhurst','2021-09-18',278,'2022-10-29');
INSERT INTO Ingrediente(idIngrediente,idProvedor,nombre,cantidad,marca,fechaAdquisicion,precioCompra,fechaCaducidad) VALUES (8,3,'pia',35,'Schmitt LLC','2021-11-21',240,'2022-07-09');
INSERT INTO Ingrediente(idIngrediente,idProvedor,nombre,cantidad,marca,fechaAdquisicion,precioCompra,fechaCaducidad) VALUES (9,8,'jamon',88,'Cremin LLC','2021-12-20',90,'2022-03-12');
INSERT INTO Ingrediente(idIngrediente,idProvedor,nombre,cantidad,marca,fechaAdquisicion,precioCompra,fechaCaducidad) VALUES (10,7,'tocino',89,'Dietrich, Dare and Mertz','2021-12-05',94,'2023-03-31');
INSERT INTO Ingrediente(idIngrediente,idProvedor,nombre,cantidad,marca,fechaAdquisicion,precioCompra,fechaCaducidad) VALUES (11,5,'queso',30,'Miller, Wilderman and McGlynn','2021-07-07',157,'2022-11-02');
INSERT INTO Ingrediente(idIngrediente,idProvedor,nombre,cantidad,marca,fechaAdquisicion,precioCompra,fechaCaducidad) VALUES (12,5,'tortilla de maiz',74,'Kuhic-Collier','2021-06-23',193,'2022-05-20');
INSERT INTO Ingrediente(idIngrediente,idProvedor,nombre,cantidad,marca,fechaAdquisicion,precioCompra,fechaCaducidad) VALUES (13,7,'bistec',05,'Mann LLC','2021-09-08',133,'2022-10-12');
INSERT INTO Ingrediente(idIngrediente,idProvedor,nombre,cantidad,marca,fechaAdquisicion,precioCompra,fechaCaducidad) VALUES (14,2,'suadero',16,'Moen, Koch and Batz','2021-09-04',15,'2022-04-09');
INSERT INTO Ingrediente(idIngrediente,idProvedor,nombre,cantidad,marca,fechaAdquisicion,precioCompra,fechaCaducidad) VALUES (15,2,'frijol',17,'Yundt Inc','2021-07-30',157,'2022-07-28');
INSERT INTO Ingrediente(idIngrediente,idProvedor,nombre,cantidad,marca,fechaAdquisicion,precioCompra,fechaCaducidad) VALUES (16,3,'carne de pastor',14,'Considine Inc','2021-08-10',226,'2022-07-31');
INSERT INTO Ingrediente(idIngrediente,idProvedor,nombre,cantidad,marca,fechaAdquisicion,precioCompra,fechaCaducidad) VALUES (17,5,'longaniza',17,'Kulas-Stroman','2021-11-20',114,'2023-03-05');
INSERT INTO Ingrediente(idIngrediente,idProvedor,nombre,cantidad,marca,fechaAdquisicion,precioCompra,fechaCaducidad) VALUES (18,8,'pollo',16,'Schmidt, Robel and Upton','2021-06-14',24,'2023-05-17');
INSERT INTO Ingrediente(idIngrediente,idProvedor,nombre,cantidad,marca,fechaAdquisicion,precioCompra,fechaCaducidad) VALUES (19,8,'aguacate',96,'Cremin, Muller and Kuvalis','2021-08-26',111,'2022-09-22');
INSERT INTO Ingrediente(idIngrediente,idProvedor,nombre,cantidad,marca,fechaAdquisicion,precioCompra,fechaCaducidad) VALUES (20,1,'arrachera',40,'D''Amore-Jacobson','2021-06-25',217,'2022-10-27');
INSERT INTO Ingrediente(idIngrediente,idProvedor,nombre,cantidad,marca,fechaAdquisicion,precioCompra,fechaCaducidad) VALUES (21,7,'tortilla de harina',09,'Marquardt-Bednar','2021-12-01',228,'2022-12-27');
INSERT INTO Ingrediente(idIngrediente,idProvedor,nombre,cantidad,marca,fechaAdquisicion,precioCompra,fechaCaducidad) VALUES (22,5,'huitlacoche',21,'Hoeger Inc','2021-12-16',224,'2023-04-12');
INSERT INTO Ingrediente(idIngrediente,idProvedor,nombre,cantidad,marca,fechaAdquisicion,precioCompra,fechaCaducidad) VALUES (23,8,'pan',99,'Mosciski-Konopelski','2021-11-28',283,'2022-04-15');
INSERT INTO Ingrediente(idIngrediente,idProvedor,nombre,cantidad,marca,fechaAdquisicion,precioCompra,fechaCaducidad) VALUES (24,3,'concentrado jamaica',67,'D''Amore-Howell','2021-06-29',53,'2023-02-07');
INSERT INTO Ingrediente(idIngrediente,idProvedor,nombre,cantidad,marca,fechaAdquisicion,precioCompra,fechaCaducidad) VALUES (25,6,'concentrado de horchata',73,'Hoppe, Rohan and Schuppe','2021-12-05',172,'2022-05-11');
INSERT INTO Ingrediente(idIngrediente,idProvedor,nombre,cantidad,marca,fechaAdquisicion,precioCompra,fechaCaducidad) VALUES (26,2,'milanesa',28,'Mertz-Armstrong','2021-09-29',225,'2022-03-01');
INSERT INTO Ingrediente(idIngrediente,idProvedor,nombre,cantidad,marca,fechaAdquisicion,precioCompra,fechaCaducidad) VALUES (27,4,'aguaxd',61,'Hegmann, Davis and McClure','2021-07-06',45,'2022-09-30');
INSERT INTO Ingrediente(idIngrediente,idProvedor,nombre,cantidad,marca,fechaAdquisicion,precioCompra,fechaCaducidad) VALUES (28,3,'salchicha',39,'Greenfelder-Fisher','2021-09-04',163,'2022-06-11');
INSERT INTO Ingrediente(idIngrediente,idProvedor,nombre,cantidad,marca,fechaAdquisicion,precioCompra,fechaCaducidad) VALUES (29,4,'maiz pozolero',78,'Doyle-Cartwright','2021-09-20',71,'2022-10-25');
INSERT INTO Ingrediente(idIngrediente,idProvedor,nombre,cantidad,marca,fechaAdquisicion,precioCompra,fechaCaducidad) VALUES (30,2,'carne de res',62,'Quitzon-Schowalter','2021-06-29',151,'2023-04-17');
INSERT INTO Ingrediente(idIngrediente,idProvedor,nombre,cantidad,marca,fechaAdquisicion,precioCompra,fechaCaducidad) VALUES (31,6,'elote',59,'Von and Sons','2021-08-15',179,'2022-05-13');
INSERT INTO Ingrediente(idIngrediente,idProvedor,nombre,cantidad,marca,fechaAdquisicion,precioCompra,fechaCaducidad) VALUES (32,3,'chile habanero',30,'Toy, Tremblay and Stamm','2021-06-23',127,'2022-12-12');
INSERT INTO Ingrediente(idIngrediente,idProvedor,nombre,cantidad,marca,fechaAdquisicion,precioCompra,fechaCaducidad) VALUES (33,4,'Refresco',77,'Hegmann, Davis and McClure','2021-08-06',45,'2022-09-22');




--TipoProductoAlimenticio
INSERT INTO TipoProductoAlimenticio(idTipo, descripcion) VALUES (1, 'Taco');
INSERT INTO TipoProductoAlimenticio(idTipo, descripcion) VALUES (2, 'Burrito');
INSERT INTO TipoProductoAlimenticio(idTipo, descripcion) VALUES (3, 'Quesadilla');
INSERT INTO TipoProductoAlimenticio(idTipo, descripcion) VALUES (4, 'Gringa');
INSERT INTO TipoProductoAlimenticio(idTipo, descripcion) VALUES (5, 'Torta');
INSERT INTO TipoProductoAlimenticio(idTipo, descripcion) VALUES (6, 'Platillo mexicano');
INSERT INTO TipoProductoAlimenticio(idTipo, descripcion) VALUES (7, 'Bebida');
INSERT INTO TipoProductoAlimenticio(idTipo, descripcion) VALUES (8, 'Salsa');






--ProductoAlimenticio
INSERT INTO ProductoAlimenticio(idProductoAlimenticio,idTipo,nombre,precioVenta,descripcion) VALUES (1,1,'Taco de bistek',20,'Taco');
INSERT INTO ProductoAlimenticio(idProductoAlimenticio,idTipo,nombre,precioVenta,descripcion) VALUES (2,1,'Taco de pastor',10,'Taco');
INSERT INTO ProductoAlimenticio(idProductoAlimenticio,idTipo,nombre,precioVenta,descripcion) VALUES (3,1,'Taco de longaniza',20,'Taco');
INSERT INTO ProductoAlimenticio(idProductoAlimenticio,idTipo,nombre,precioVenta,descripcion) VALUES (4,1,'Taco de suadero',15,'Taco');
INSERT INTO ProductoAlimenticio(idProductoAlimenticio,idTipo,nombre,precioVenta,descripcion) VALUES (5,2,'Burrito de bistek',30,'Burrito');
INSERT INTO ProductoAlimenticio(idProductoAlimenticio,idTipo,nombre,precioVenta,descripcion) VALUES (6,2,'Burrito vegetariano',66,'Burrito');
INSERT INTO ProductoAlimenticio(idProductoAlimenticio,idTipo,nombre,precioVenta,descripcion) VALUES (7,2,'Burrito de arrachera',65,'Burrito');
INSERT INTO ProductoAlimenticio(idProductoAlimenticio,idTipo,nombre,precioVenta,descripcion) VALUES (8,3,'Quesadilla de queso',16,'Quesadilla');
INSERT INTO ProductoAlimenticio(idProductoAlimenticio,idTipo,nombre,precioVenta,descripcion) VALUES (9,3,'Quesadilla de tinga',16,'Quesadilla');
INSERT INTO ProductoAlimenticio(idProductoAlimenticio,idTipo,nombre,precioVenta,descripcion) VALUES (10,3,'Quesadilla de huitlaoche',16,'Quesadilla');
INSERT INTO ProductoAlimenticio(idProductoAlimenticio,idTipo,nombre,precioVenta,descripcion) VALUES (11,4,'Gringa de pastor',44,'Gringa');
INSERT INTO ProductoAlimenticio(idProductoAlimenticio,idTipo,nombre,precioVenta,descripcion) VALUES (12,4,'Gringa de championes',40,'Gringa');
INSERT INTO ProductoAlimenticio(idProductoAlimenticio,idTipo,nombre,precioVenta,descripcion) VALUES (13,5,'Torta de milanesa',62,'Torta');
INSERT INTO ProductoAlimenticio(idProductoAlimenticio,idTipo,nombre,precioVenta,descripcion) VALUES (14,5,'Torta de jamon',54,'Torta');
INSERT INTO ProductoAlimenticio(idProductoAlimenticio,idTipo,nombre,precioVenta,descripcion) VALUES (15,5,'Torta de salchicha',43,'Torta');
INSERT INTO ProductoAlimenticio(idProductoAlimenticio,idTipo,nombre,precioVenta,descripcion) VALUES (16,6,'Pozole',60,'Platillo mexicano');
INSERT INTO ProductoAlimenticio(idProductoAlimenticio,idTipo,nombre,precioVenta,descripcion) VALUES (17,6,'Mole de olla',70,'Platillo mexicano');
INSERT INTO ProductoAlimenticio(idProductoAlimenticio,idTipo,nombre,precioVenta,descripcion) VALUES (18,6,'Chilaquiles verdes',55,'Platillo mexicano');
INSERT INTO ProductoAlimenticio(idProductoAlimenticio,idTipo,nombre,precioVenta,descripcion) VALUES (19,7,'Agua de jamaica',25,'Bebida');
INSERT INTO ProductoAlimenticio(idProductoAlimenticio,idTipo,nombre,precioVenta,descripcion) VALUES (20,7,'Agua de horchata',27,'Bebida');
INSERT INTO ProductoAlimenticio(idProductoAlimenticio,idTipo,nombre,precioVenta,descripcion) VALUES (21,7,'Refresco',30,'Refresco');
INSERT INTO ProductoAlimenticio(idProductoAlimenticio,idTipo,nombre,precioVenta,descripcion) VALUES (22,8,'Salsa ranchera 250ml',30,'Salsa');
INSERT INTO ProductoAlimenticio(idProductoAlimenticio,idTipo,nombre,precioVenta,descripcion) VALUES (23,8,'Salsa ranchera 500ml',45,'Salsa');
INSERT INTO ProductoAlimenticio(idProductoAlimenticio,idTipo,nombre,precioVenta,descripcion) VALUES (24,8,'Salsa ranchera litro',80,'Salsa');
INSERT INTO ProductoAlimenticio(idProductoAlimenticio,idTipo,nombre,precioVenta,descripcion) VALUES (25,8,'Salsa de habanero 250ml',30,'Salsa');
INSERT INTO ProductoAlimenticio(idProductoAlimenticio,idTipo,nombre,precioVenta,descripcion) VALUES (26,8,'Salsa de habanero 500ml',45,'Salsa');
INSERT INTO ProductoAlimenticio(idProductoAlimenticio,idTipo,nombre,precioVenta,descripcion) VALUES (27,8,'Salsa de habanero litro',80,'Salsa');
INSERT INTO ProductoAlimenticio(idProductoAlimenticio,idTipo,nombre,precioVenta,descripcion) VALUES (28,8,'Salsa roja 250ml',30,'Salsa');
INSERT INTO ProductoAlimenticio(idProductoAlimenticio,idTipo,nombre,precioVenta,descripcion) VALUES (29,8,'Salsa roja 500ml',45,'Salsa');
INSERT INTO ProductoAlimenticio(idProductoAlimenticio,idTipo,nombre,precioVenta,descripcion) VALUES (30,8,'Salsa roja litro',80,'Salsa');
INSERT INTO ProductoAlimenticio(idProductoAlimenticio,idTipo,nombre,precioVenta,descripcion) VALUES (31,8,'Salsa verde 250ml',30,'Salsa');
INSERT INTO ProductoAlimenticio(idProductoAlimenticio,idTipo,nombre,precioVenta,descripcion) VALUES (32,8,'Salsa verde 500ml',45,'Salsa');
INSERT INTO ProductoAlimenticio(idProductoAlimenticio,idTipo,nombre,precioVenta,descripcion) VALUES (33,8,'Salsa verde litro',80,'Salsa');
INSERT INTO ProductoAlimenticio(idProductoAlimenticio,idTipo,nombre,precioVenta,descripcion) VALUES (34,8,'Pico de gallo 250ml',30,'Salsa');
INSERT INTO ProductoAlimenticio(idProductoAlimenticio,idTipo,nombre,precioVenta,descripcion) VALUES (35,8,'Pico de gallo 500ml',45,'Salsa');
INSERT INTO ProductoAlimenticio(idProductoAlimenticio,idTipo,nombre,precioVenta,descripcion) VALUES (36,8,'Pico de gallo litro',80,'Salsa');

--Salsa
INSERT INTO Salsa(idSalsa,nivelPicante,descripcion) VALUES (1,'Extremo', 'Salsa ranchera');
INSERT INTO Salsa(idSalsa,nivelPicante,descripcion) VALUES (2,'Alto', 'Salsa de habanero');
INSERT INTO Salsa(idSalsa,nivelPicante,descripcion) VALUES (3,'Medio','Salsa roja');
INSERT INTO Salsa(idSalsa,nivelPicante,descripcion) VALUES (4,'Bajo','Salsa verde');
INSERT INTO Salsa(idSalsa,nivelPicante,descripcion) VALUES (5,'Dulce','Pico de gallo');

--TamaoSalsa
INSERT INTO TamaoSalsa(idProductoAlimenticio,idSalsa,tamao) VALUES (22,1,250);
INSERT INTO TamaoSalsa(idProductoAlimenticio,idSalsa,tamao) VALUES (23,1,500);
INSERT INTO TamaoSalsa(idProductoAlimenticio,idSalsa,tamao) VALUES (24,1,1000);
INSERT INTO TamaoSalsa(idProductoAlimenticio,idSalsa,tamao) VALUES (25,2,250);
INSERT INTO TamaoSalsa(idProductoAlimenticio,idSalsa,tamao) VALUES (26,2,500);
INSERT INTO TamaoSalsa(idProductoAlimenticio,idSalsa,tamao) VALUES (27,2,1000);
INSERT INTO TamaoSalsa(idProductoAlimenticio,idSalsa,tamao) VALUES (28,3,250);
INSERT INTO TamaoSalsa(idProductoAlimenticio,idSalsa,tamao) VALUES (29,3,500);
INSERT INTO TamaoSalsa(idProductoAlimenticio,idSalsa,tamao) VALUES (30,3,1000);
INSERT INTO TamaoSalsa(idProductoAlimenticio,idSalsa,tamao) VALUES (31,4,250);
INSERT INTO TamaoSalsa(idProductoAlimenticio,idSalsa,tamao) VALUES (32,4,500);
INSERT INTO TamaoSalsa(idProductoAlimenticio,idSalsa,tamao) VALUES (33,4,1000);
INSERT INTO TamaoSalsa(idProductoAlimenticio,idSalsa,tamao) VALUES (34,5,250);
INSERT INTO TamaoSalsa(idProductoAlimenticio,idSalsa,tamao) VALUES (35,5,500);
INSERT INTO TamaoSalsa(idProductoAlimenticio,idSalsa,tamao) VALUES (36,5,1000);


--RecomendarConSalsa
INSERT INTO RecomendarConSalsa(idSalsa,idProductoAlimenticio) VALUES (4,4);
INSERT INTO RecomendarConSalsa(idSalsa,idProductoAlimenticio) VALUES (3,15);
INSERT INTO RecomendarConSalsa(idSalsa,idProductoAlimenticio) VALUES (4,2);
INSERT INTO RecomendarConSalsa(idSalsa,idProductoAlimenticio) VALUES (1,2);
INSERT INTO RecomendarConSalsa(idSalsa,idProductoAlimenticio) VALUES (4,15);
INSERT INTO RecomendarConSalsa(idSalsa,idProductoAlimenticio) VALUES (4,15);
INSERT INTO RecomendarConSalsa(idSalsa,idProductoAlimenticio) VALUES (2,5);
INSERT INTO RecomendarConSalsa(idSalsa,idProductoAlimenticio) VALUES (5,6);
INSERT INTO RecomendarConSalsa(idSalsa,idProductoAlimenticio) VALUES (3,11);
INSERT INTO RecomendarConSalsa(idSalsa,idProductoAlimenticio) VALUES (5,1);
INSERT INTO RecomendarConSalsa(idSalsa,idProductoAlimenticio) VALUES (3,9);
INSERT INTO RecomendarConSalsa(idSalsa,idProductoAlimenticio) VALUES (4,3);
INSERT INTO RecomendarConSalsa(idSalsa,idProductoAlimenticio) VALUES (4,12);
INSERT INTO RecomendarConSalsa(idSalsa,idProductoAlimenticio) VALUES (4,10);
INSERT INTO RecomendarConSalsa(idSalsa,idProductoAlimenticio) VALUES (3,12);
INSERT INTO RecomendarConSalsa(idSalsa,idProductoAlimenticio) VALUES (5,13);
INSERT INTO RecomendarConSalsa(idSalsa,idProductoAlimenticio) VALUES (3,13);
INSERT INTO RecomendarConSalsa(idSalsa,idProductoAlimenticio) VALUES (1,7);
INSERT INTO RecomendarConSalsa(idSalsa,idProductoAlimenticio) VALUES (1,9);
INSERT INTO RecomendarConSalsa(idSalsa,idProductoAlimenticio) VALUES (5,11);

--OfertarAlimento
INSERT INTO OfertarAlimento(idSucursal,idProductoAlimenticio) VALUES (1,1);
INSERT INTO OfertarAlimento(idSucursal,idProductoAlimenticio) VALUES (1,2);
INSERT INTO OfertarAlimento(idSucursal,idProductoAlimenticio) VALUES (1,3);
INSERT INTO OfertarAlimento(idSucursal,idProductoAlimenticio) VALUES (1,4);
INSERT INTO OfertarAlimento(idSucursal,idProductoAlimenticio) VALUES (1,5);
INSERT INTO OfertarAlimento(idSucursal,idProductoAlimenticio) VALUES (1,6);
INSERT INTO OfertarAlimento(idSucursal,idProductoAlimenticio) VALUES (1,7);
INSERT INTO OfertarAlimento(idSucursal,idProductoAlimenticio) VALUES (1,8);
INSERT INTO OfertarAlimento(idSucursal,idProductoAlimenticio) VALUES (1,9);
INSERT INTO OfertarAlimento(idSucursal,idProductoAlimenticio) VALUES (1,10);
INSERT INTO OfertarAlimento(idSucursal,idProductoAlimenticio) VALUES (1,11);
INSERT INTO OfertarAlimento(idSucursal,idProductoAlimenticio) VALUES (1,12);
INSERT INTO OfertarAlimento(idSucursal,idProductoAlimenticio) VALUES (1,13);
INSERT INTO OfertarAlimento(idSucursal,idProductoAlimenticio) VALUES (1,14);
INSERT INTO OfertarAlimento(idSucursal,idProductoAlimenticio) VALUES (1,15);
INSERT INTO OfertarAlimento(idSucursal,idProductoAlimenticio) VALUES (1,16);
INSERT INTO OfertarAlimento(idSucursal,idProductoAlimenticio) VALUES (1,17);
INSERT INTO OfertarAlimento(idSucursal,idProductoAlimenticio) VALUES (1,18);
INSERT INTO OfertarAlimento(idSucursal,idProductoAlimenticio) VALUES (1,19);
INSERT INTO OfertarAlimento(idSucursal,idProductoAlimenticio) VALUES (1,20);
INSERT INTO OfertarAlimento(idSucursal,idProductoAlimenticio) VALUES (1,21);
INSERT INTO OfertarAlimento(idSucursal,idProductoAlimenticio) VALUES (2,1);
INSERT INTO OfertarAlimento(idSucursal,idProductoAlimenticio) VALUES (2,2);
INSERT INTO OfertarAlimento(idSucursal,idProductoAlimenticio) VALUES (2,3);
INSERT INTO OfertarAlimento(idSucursal,idProductoAlimenticio) VALUES (2,4);
INSERT INTO OfertarAlimento(idSucursal,idProductoAlimenticio) VALUES (2,5);
INSERT INTO OfertarAlimento(idSucursal,idProductoAlimenticio) VALUES (2,6);
INSERT INTO OfertarAlimento(idSucursal,idProductoAlimenticio) VALUES (2,7);
INSERT INTO OfertarAlimento(idSucursal,idProductoAlimenticio) VALUES (2,8);
INSERT INTO OfertarAlimento(idSucursal,idProductoAlimenticio) VALUES (2,9);
INSERT INTO OfertarAlimento(idSucursal,idProductoAlimenticio) VALUES (2,10);
INSERT INTO OfertarAlimento(idSucursal,idProductoAlimenticio) VALUES (2,11);
INSERT INTO OfertarAlimento(idSucursal,idProductoAlimenticio) VALUES (2,12);
INSERT INTO OfertarAlimento(idSucursal,idProductoAlimenticio) VALUES (2,13);
INSERT INTO OfertarAlimento(idSucursal,idProductoAlimenticio) VALUES (2,14);
INSERT INTO OfertarAlimento(idSucursal,idProductoAlimenticio) VALUES (2,15);
INSERT INTO OfertarAlimento(idSucursal,idProductoAlimenticio) VALUES (2,16);
INSERT INTO OfertarAlimento(idSucursal,idProductoAlimenticio) VALUES (2,17);
INSERT INTO OfertarAlimento(idSucursal,idProductoAlimenticio) VALUES (2,18);
INSERT INTO OfertarAlimento(idSucursal,idProductoAlimenticio) VALUES (2,19);
INSERT INTO OfertarAlimento(idSucursal,idProductoAlimenticio) VALUES (2,20);
INSERT INTO OfertarAlimento(idSucursal,idProductoAlimenticio) VALUES (2,21);
INSERT INTO OfertarAlimento(idSucursal,idProductoAlimenticio) VALUES (3,1);
INSERT INTO OfertarAlimento(idSucursal,idProductoAlimenticio) VALUES (3,2);
INSERT INTO OfertarAlimento(idSucursal,idProductoAlimenticio) VALUES (3,3);
INSERT INTO OfertarAlimento(idSucursal,idProductoAlimenticio) VALUES (3,4);
INSERT INTO OfertarAlimento(idSucursal,idProductoAlimenticio) VALUES (3,5);
INSERT INTO OfertarAlimento(idSucursal,idProductoAlimenticio) VALUES (3,6);
INSERT INTO OfertarAlimento(idSucursal,idProductoAlimenticio) VALUES (3,7);
INSERT INTO OfertarAlimento(idSucursal,idProductoAlimenticio) VALUES (3,8);
INSERT INTO OfertarAlimento(idSucursal,idProductoAlimenticio) VALUES (3,9);
INSERT INTO OfertarAlimento(idSucursal,idProductoAlimenticio) VALUES (3,10);
INSERT INTO OfertarAlimento(idSucursal,idProductoAlimenticio) VALUES (3,11);
INSERT INTO OfertarAlimento(idSucursal,idProductoAlimenticio) VALUES (3,12);
INSERT INTO OfertarAlimento(idSucursal,idProductoAlimenticio) VALUES (3,13);
INSERT INTO OfertarAlimento(idSucursal,idProductoAlimenticio) VALUES (3,14);
INSERT INTO OfertarAlimento(idSucursal,idProductoAlimenticio) VALUES (3,15);
INSERT INTO OfertarAlimento(idSucursal,idProductoAlimenticio) VALUES (3,16);
INSERT INTO OfertarAlimento(idSucursal,idProductoAlimenticio) VALUES (3,17);
INSERT INTO OfertarAlimento(idSucursal,idProductoAlimenticio) VALUES (3,18);
INSERT INTO OfertarAlimento(idSucursal,idProductoAlimenticio) VALUES (3,19);
INSERT INTO OfertarAlimento(idSucursal,idProductoAlimenticio) VALUES (3,20);
INSERT INTO OfertarAlimento(idSucursal,idProductoAlimenticio) VALUES (3,21);
INSERT INTO OfertarAlimento(idSucursal,idProductoAlimenticio) VALUES (4,1);
INSERT INTO OfertarAlimento(idSucursal,idProductoAlimenticio) VALUES (4,2);
INSERT INTO OfertarAlimento(idSucursal,idProductoAlimenticio) VALUES (4,3);
INSERT INTO OfertarAlimento(idSucursal,idProductoAlimenticio) VALUES (4,4);
INSERT INTO OfertarAlimento(idSucursal,idProductoAlimenticio) VALUES (4,5);
INSERT INTO OfertarAlimento(idSucursal,idProductoAlimenticio) VALUES (4,6);
INSERT INTO OfertarAlimento(idSucursal,idProductoAlimenticio) VALUES (4,7);
INSERT INTO OfertarAlimento(idSucursal,idProductoAlimenticio) VALUES (4,8);
INSERT INTO OfertarAlimento(idSucursal,idProductoAlimenticio) VALUES (4,9);
INSERT INTO OfertarAlimento(idSucursal,idProductoAlimenticio) VALUES (4,10);
INSERT INTO OfertarAlimento(idSucursal,idProductoAlimenticio) VALUES (4,11);
INSERT INTO OfertarAlimento(idSucursal,idProductoAlimenticio) VALUES (4,12);
INSERT INTO OfertarAlimento(idSucursal,idProductoAlimenticio) VALUES (4,13);
INSERT INTO OfertarAlimento(idSucursal,idProductoAlimenticio) VALUES (4,14);
INSERT INTO OfertarAlimento(idSucursal,idProductoAlimenticio) VALUES (4,15);
INSERT INTO OfertarAlimento(idSucursal,idProductoAlimenticio) VALUES (4,16);
INSERT INTO OfertarAlimento(idSucursal,idProductoAlimenticio) VALUES (4,17);
INSERT INTO OfertarAlimento(idSucursal,idProductoAlimenticio) VALUES (4,18);
INSERT INTO OfertarAlimento(idSucursal,idProductoAlimenticio) VALUES (4,19);
INSERT INTO OfertarAlimento(idSucursal,idProductoAlimenticio) VALUES (4,20);
INSERT INTO OfertarAlimento(idSucursal,idProductoAlimenticio) VALUES (4,21);
INSERT INTO OfertarAlimento(idSucursal,idProductoAlimenticio) VALUES (5,1);
INSERT INTO OfertarAlimento(idSucursal,idProductoAlimenticio) VALUES (5,2);
INSERT INTO OfertarAlimento(idSucursal,idProductoAlimenticio) VALUES (5,3);
INSERT INTO OfertarAlimento(idSucursal,idProductoAlimenticio) VALUES (5,4);
INSERT INTO OfertarAlimento(idSucursal,idProductoAlimenticio) VALUES (5,5);
INSERT INTO OfertarAlimento(idSucursal,idProductoAlimenticio) VALUES (5,6);
INSERT INTO OfertarAlimento(idSucursal,idProductoAlimenticio) VALUES (5,7);
INSERT INTO OfertarAlimento(idSucursal,idProductoAlimenticio) VALUES (5,8);
INSERT INTO OfertarAlimento(idSucursal,idProductoAlimenticio) VALUES (5,9);
INSERT INTO OfertarAlimento(idSucursal,idProductoAlimenticio) VALUES (5,10);
INSERT INTO OfertarAlimento(idSucursal,idProductoAlimenticio) VALUES (5,11);
INSERT INTO OfertarAlimento(idSucursal,idProductoAlimenticio) VALUES (5,12);
INSERT INTO OfertarAlimento(idSucursal,idProductoAlimenticio) VALUES (5,13);
INSERT INTO OfertarAlimento(idSucursal,idProductoAlimenticio) VALUES (5,14);
INSERT INTO OfertarAlimento(idSucursal,idProductoAlimenticio) VALUES (5,15);
INSERT INTO OfertarAlimento(idSucursal,idProductoAlimenticio) VALUES (5,16);
INSERT INTO OfertarAlimento(idSucursal,idProductoAlimenticio) VALUES (5,17);
INSERT INTO OfertarAlimento(idSucursal,idProductoAlimenticio) VALUES (5,18);
INSERT INTO OfertarAlimento(idSucursal,idProductoAlimenticio) VALUES (5,19);
INSERT INTO OfertarAlimento(idSucursal,idProductoAlimenticio) VALUES (5,20);
INSERT INTO OfertarAlimento(idSucursal,idProductoAlimenticio) VALUES (5,21);

--OfertarSalsa
INSERT INTO OfertarAlimento(idSucursal,idProductoAlimenticio) VALUES (1,22);
INSERT INTO OfertarAlimento(idSucursal,idProductoAlimenticio) VALUES (1,23);
INSERT INTO OfertarAlimento(idSucursal,idProductoAlimenticio) VALUES (1,24);
INSERT INTO OfertarAlimento(idSucursal,idProductoAlimenticio) VALUES (1,25);
INSERT INTO OfertarAlimento(idSucursal,idProductoAlimenticio) VALUES (1,26);
INSERT INTO OfertarAlimento(idSucursal,idProductoAlimenticio) VALUES (1,27);
INSERT INTO OfertarAlimento(idSucursal,idProductoAlimenticio) VALUES (1,28);
INSERT INTO OfertarAlimento(idSucursal,idProductoAlimenticio) VALUES (1,29);
INSERT INTO OfertarAlimento(idSucursal,idProductoAlimenticio) VALUES (1,30);
INSERT INTO OfertarAlimento(idSucursal,idProductoAlimenticio) VALUES (1,31);
INSERT INTO OfertarAlimento(idSucursal,idProductoAlimenticio) VALUES (1,32);
INSERT INTO OfertarAlimento(idSucursal,idProductoAlimenticio) VALUES (1,33);
INSERT INTO OfertarAlimento(idSucursal,idProductoAlimenticio) VALUES (1,34);
INSERT INTO OfertarAlimento(idSucursal,idProductoAlimenticio) VALUES (1,35);
INSERT INTO OfertarAlimento(idSucursal,idProductoAlimenticio) VALUES (1,36);
INSERT INTO OfertarAlimento(idSucursal,idProductoAlimenticio) VALUES (2,22);
INSERT INTO OfertarAlimento(idSucursal,idProductoAlimenticio) VALUES (2,23);
INSERT INTO OfertarAlimento(idSucursal,idProductoAlimenticio) VALUES (2,24);
INSERT INTO OfertarAlimento(idSucursal,idProductoAlimenticio) VALUES (2,25);
INSERT INTO OfertarAlimento(idSucursal,idProductoAlimenticio) VALUES (2,26);
INSERT INTO OfertarAlimento(idSucursal,idProductoAlimenticio) VALUES (2,27);
INSERT INTO OfertarAlimento(idSucursal,idProductoAlimenticio) VALUES (2,28);
INSERT INTO OfertarAlimento(idSucursal,idProductoAlimenticio) VALUES (2,29);
INSERT INTO OfertarAlimento(idSucursal,idProductoAlimenticio) VALUES (2,30);
INSERT INTO OfertarAlimento(idSucursal,idProductoAlimenticio) VALUES (2,31);
INSERT INTO OfertarAlimento(idSucursal,idProductoAlimenticio) VALUES (2,32);
INSERT INTO OfertarAlimento(idSucursal,idProductoAlimenticio) VALUES (2,33);
INSERT INTO OfertarAlimento(idSucursal,idProductoAlimenticio) VALUES (2,34);
INSERT INTO OfertarAlimento(idSucursal,idProductoAlimenticio) VALUES (2,35);
INSERT INTO OfertarAlimento(idSucursal,idProductoAlimenticio) VALUES (2,36);
INSERT INTO OfertarAlimento(idSucursal,idProductoAlimenticio) VALUES (3,22);
INSERT INTO OfertarAlimento(idSucursal,idProductoAlimenticio) VALUES (3,23);
INSERT INTO OfertarAlimento(idSucursal,idProductoAlimenticio) VALUES (3,24);
INSERT INTO OfertarAlimento(idSucursal,idProductoAlimenticio) VALUES (3,25);
INSERT INTO OfertarAlimento(idSucursal,idProductoAlimenticio) VALUES (3,26);
INSERT INTO OfertarAlimento(idSucursal,idProductoAlimenticio) VALUES (3,27);
INSERT INTO OfertarAlimento(idSucursal,idProductoAlimenticio) VALUES (3,28);
INSERT INTO OfertarAlimento(idSucursal,idProductoAlimenticio) VALUES (3,29);
INSERT INTO OfertarAlimento(idSucursal,idProductoAlimenticio) VALUES (3,30);
INSERT INTO OfertarAlimento(idSucursal,idProductoAlimenticio) VALUES (3,31);
INSERT INTO OfertarAlimento(idSucursal,idProductoAlimenticio) VALUES (3,32);
INSERT INTO OfertarAlimento(idSucursal,idProductoAlimenticio) VALUES (3,33);
INSERT INTO OfertarAlimento(idSucursal,idProductoAlimenticio) VALUES (3,34);
INSERT INTO OfertarAlimento(idSucursal,idProductoAlimenticio) VALUES (3,35);
INSERT INTO OfertarAlimento(idSucursal,idProductoAlimenticio) VALUES (3,36);
INSERT INTO OfertarAlimento(idSucursal,idProductoAlimenticio) VALUES (4,22);
INSERT INTO OfertarAlimento(idSucursal,idProductoAlimenticio) VALUES (4,23);
INSERT INTO OfertarAlimento(idSucursal,idProductoAlimenticio) VALUES (4,24);
INSERT INTO OfertarAlimento(idSucursal,idProductoAlimenticio) VALUES (4,25);
INSERT INTO OfertarAlimento(idSucursal,idProductoAlimenticio) VALUES (4,26);
INSERT INTO OfertarAlimento(idSucursal,idProductoAlimenticio) VALUES (4,27);
INSERT INTO OfertarAlimento(idSucursal,idProductoAlimenticio) VALUES (4,28);
INSERT INTO OfertarAlimento(idSucursal,idProductoAlimenticio) VALUES (4,29);
INSERT INTO OfertarAlimento(idSucursal,idProductoAlimenticio) VALUES (4,30);
INSERT INTO OfertarAlimento(idSucursal,idProductoAlimenticio) VALUES (4,31);
INSERT INTO OfertarAlimento(idSucursal,idProductoAlimenticio) VALUES (4,32);
INSERT INTO OfertarAlimento(idSucursal,idProductoAlimenticio) VALUES (4,33);
INSERT INTO OfertarAlimento(idSucursal,idProductoAlimenticio) VALUES (4,34);
INSERT INTO OfertarAlimento(idSucursal,idProductoAlimenticio) VALUES (4,35);
INSERT INTO OfertarAlimento(idSucursal,idProductoAlimenticio) VALUES (4,36);
INSERT INTO OfertarAlimento(idSucursal,idProductoAlimenticio) VALUES (5,22);
INSERT INTO OfertarAlimento(idSucursal,idProductoAlimenticio) VALUES (5,23);
INSERT INTO OfertarAlimento(idSucursal,idProductoAlimenticio) VALUES (5,24);
INSERT INTO OfertarAlimento(idSucursal,idProductoAlimenticio) VALUES (5,25);
INSERT INTO OfertarAlimento(idSucursal,idProductoAlimenticio) VALUES (5,26);
INSERT INTO OfertarAlimento(idSucursal,idProductoAlimenticio) VALUES (5,27);
INSERT INTO OfertarAlimento(idSucursal,idProductoAlimenticio) VALUES (5,28);
INSERT INTO OfertarAlimento(idSucursal,idProductoAlimenticio) VALUES (5,29);
INSERT INTO OfertarAlimento(idSucursal,idProductoAlimenticio) VALUES (5,30);
INSERT INTO OfertarAlimento(idSucursal,idProductoAlimenticio) VALUES (5,31);
INSERT INTO OfertarAlimento(idSucursal,idProductoAlimenticio) VALUES (5,32);
INSERT INTO OfertarAlimento(idSucursal,idProductoAlimenticio) VALUES (5,33);
INSERT INTO OfertarAlimento(idSucursal,idProductoAlimenticio) VALUES (5,34);
INSERT INTO OfertarAlimento(idSucursal,idProductoAlimenticio) VALUES (5,35);
INSERT INTO OfertarAlimento(idSucursal,idProductoAlimenticio) VALUES (5,36);


--Preparar
--Taco bistec
INSERT INTO Preparar(idProductoAlimenticio, idIngrediente, porcion) VALUES (1,12,2);
INSERT INTO Preparar(idProductoAlimenticio, idIngrediente, porcion) VALUES (1,13,2);
--Taco pastor
INSERT INTO Preparar(idProductoAlimenticio, idIngrediente, porcion) VALUES (2,12,2);
INSERT INTO Preparar(idProductoAlimenticio, idIngrediente, porcion) VALUES (2,16,2);
INSERT INTO Preparar(idProductoAlimenticio, idIngrediente, porcion) VALUES (2,8,1);
--Taco longaniza
INSERT INTO Preparar(idProductoAlimenticio, idIngrediente, porcion) VALUES (3,12,2);
INSERT INTO Preparar(idProductoAlimenticio, idIngrediente, porcion) VALUES (3,17,2);
--Taco suadero
INSERT INTO Preparar(idProductoAlimenticio, idIngrediente, porcion) VALUES (4,12,2);
INSERT INTO Preparar(idProductoAlimenticio, idIngrediente, porcion) VALUES (4,14,2);
--Burrito de bistec
INSERT INTO Preparar(idProductoAlimenticio, idIngrediente, porcion) VALUES (5,21,2);
INSERT INTO Preparar(idProductoAlimenticio, idIngrediente, porcion) VALUES (5,13,2);
INSERT INTO Preparar(idProductoAlimenticio, idIngrediente, porcion) VALUES (5,11,2);
--Burrito vegetariano
INSERT INTO Preparar(idProductoAlimenticio, idIngrediente, porcion) VALUES (6,21,2);
INSERT INTO Preparar(idProductoAlimenticio, idIngrediente, porcion) VALUES (6,7,2);
INSERT INTO Preparar(idProductoAlimenticio, idIngrediente, porcion) VALUES (6,11,2);
--Burrito arrachera 
INSERT INTO Preparar(idProductoAlimenticio, idIngrediente, porcion) VALUES (7,21,2);
INSERT INTO Preparar(idProductoAlimenticio, idIngrediente, porcion) VALUES (7,20,2);
INSERT INTO Preparar(idProductoAlimenticio, idIngrediente, porcion) VALUES (7,11,2);
--Quesadilla queso
INSERT INTO Preparar(idProductoAlimenticio, idIngrediente, porcion) VALUES (8,12,2);
INSERT INTO Preparar(idProductoAlimenticio, idIngrediente, porcion) VALUES (8,11,2);
--Quesadilla tinga
INSERT INTO Preparar(idProductoAlimenticio, idIngrediente, porcion) VALUES (9,12,2);
INSERT INTO Preparar(idProductoAlimenticio, idIngrediente, porcion) VALUES (9,18,2);
INSERT INTO Preparar(idProductoAlimenticio, idIngrediente, porcion) VALUES (9,11,2);
--Quesadilla huitlacoche
INSERT INTO Preparar(idProductoAlimenticio, idIngrediente, porcion) VALUES (10,12,2);
INSERT INTO Preparar(idProductoAlimenticio, idIngrediente, porcion) VALUES (10,22,2);
INSERT INTO Preparar(idProductoAlimenticio, idIngrediente, porcion) VALUES (10,11,2);
--Gringa pastor
INSERT INTO Preparar(idProductoAlimenticio, idIngrediente, porcion) VALUES (11,21,2);
INSERT INTO Preparar(idProductoAlimenticio, idIngrediente, porcion) VALUES (11,16,2);
INSERT INTO Preparar(idProductoAlimenticio, idIngrediente, porcion) VALUES (11,11,2);
--Gringa de championes
INSERT INTO Preparar(idProductoAlimenticio, idIngrediente, porcion) VALUES (12,21,2);
INSERT INTO Preparar(idProductoAlimenticio, idIngrediente, porcion) VALUES (12,7,2);
INSERT INTO Preparar(idProductoAlimenticio, idIngrediente, porcion) VALUES (12,11,2);
--Torta de milanesa
INSERT INTO Preparar(idProductoAlimenticio, idIngrediente, porcion) VALUES (13,23,2);
INSERT INTO Preparar(idProductoAlimenticio, idIngrediente, porcion) VALUES (13,26,1);
INSERT INTO Preparar(idProductoAlimenticio, idIngrediente, porcion) VALUES (13,19,1);
--Torta de jamon
INSERT INTO Preparar(idProductoAlimenticio, idIngrediente, porcion) VALUES (14,23,2);
INSERT INTO Preparar(idProductoAlimenticio, idIngrediente, porcion) VALUES (14,9,1);
INSERT INTO Preparar(idProductoAlimenticio, idIngrediente, porcion) VALUES (14,10,1);
INSERT INTO Preparar(idProductoAlimenticio, idIngrediente, porcion) VALUES (14,11,1);
--Torta de salchicha
INSERT INTO Preparar(idProductoAlimenticio, idIngrediente, porcion) VALUES (15,23,2);
INSERT INTO Preparar(idProductoAlimenticio, idIngrediente, porcion) VALUES (15,28,1);
--Pozole
INSERT INTO Preparar(idProductoAlimenticio, idIngrediente, porcion) VALUES (16,29,2);
INSERT INTO Preparar(idProductoAlimenticio, idIngrediente, porcion) VALUES (16,30,1);
INSERT INTO Preparar(idProductoAlimenticio, idIngrediente, porcion) VALUES (16,4,1);
INSERT INTO Preparar(idProductoAlimenticio, idIngrediente, porcion) VALUES (16,5,1);
--Mole de olla
INSERT INTO Preparar(idProductoAlimenticio, idIngrediente, porcion) VALUES (17,30,1);
INSERT INTO Preparar(idProductoAlimenticio, idIngrediente, porcion) VALUES (17,31,1);
--Chilaquiles verdes
INSERT INTO Preparar(idProductoAlimenticio, idIngrediente, porcion) VALUES (18,12,3);
INSERT INTO Preparar(idProductoAlimenticio, idIngrediente, porcion) VALUES (18,18,1);
INSERT INTO Preparar(idProductoAlimenticio, idIngrediente, porcion) VALUES (18,1,1);
--Agua de jamaica
INSERT INTO Preparar(idProductoAlimenticio, idIngrediente, porcion) VALUES (19,24,1);
INSERT INTO Preparar(idProductoAlimenticio, idIngrediente, porcion) VALUES (19,27,12);
--Agua de horchata
INSERT INTO Preparar(idProductoAlimenticio, idIngrediente, porcion) VALUES (19,25,1);
INSERT INTO Preparar(idProductoAlimenticio, idIngrediente, porcion) VALUES (19,27,12);
--Refresco
INSERT INTO Preparar(idProductoAlimenticio, idIngrediente, porcion) VALUES (21,33,11);
--Salsa ranchera pequea
INSERT INTO Preparar(idProductoAlimenticio, idIngrediente, porcion) VALUES (22,31,4);
INSERT INTO Preparar(idProductoAlimenticio, idIngrediente, porcion) VALUES (22,2,4);
--Salsa ranchera medio litro
INSERT INTO Preparar(idProductoAlimenticio, idIngrediente, porcion) VALUES (23,31,6);
INSERT INTO Preparar(idProductoAlimenticio, idIngrediente, porcion) VALUES (23,2,6);
--Salsa ranchera litro
INSERT INTO Preparar(idProductoAlimenticio, idIngrediente, porcion) VALUES (24,31,9);
INSERT INTO Preparar(idProductoAlimenticio, idIngrediente, porcion) VALUES (24,2,5);
--Salsa habanero pequea
INSERT INTO Preparar(idProductoAlimenticio, idIngrediente, porcion) VALUES (25,31,3);
INSERT INTO Preparar(idProductoAlimenticio, idIngrediente, porcion) VALUES (25,1,3);
--Salsa habanero medio litro
INSERT INTO Preparar(idProductoAlimenticio, idIngrediente, porcion) VALUES (26,31,6);
INSERT INTO Preparar(idProductoAlimenticio, idIngrediente, porcion) VALUES (26,1,6);
--Salsa habanero litro
INSERT INTO Preparar(idProductoAlimenticio, idIngrediente, porcion) VALUES (27,31,9);
INSERT INTO Preparar(idProductoAlimenticio, idIngrediente, porcion) VALUES (27,1,5);
--Salsa roja pequea
INSERT INTO Preparar(idProductoAlimenticio, idIngrediente, porcion) VALUES (28,1,3);
INSERT INTO Preparar(idProductoAlimenticio, idIngrediente, porcion) VALUES (28,2,3);
--Salsa roja medio litro
INSERT INTO Preparar(idProductoAlimenticio, idIngrediente, porcion) VALUES (29,1,6);
INSERT INTO Preparar(idProductoAlimenticio, idIngrediente, porcion) VALUES (29,2,6);
--Salsa roja litro
INSERT INTO Preparar(idProductoAlimenticio, idIngrediente, porcion) VALUES (30,1,9);
INSERT INTO Preparar(idProductoAlimenticio, idIngrediente, porcion) VALUES (30,2,5);
--Salsa verde pequea
INSERT INTO Preparar(idProductoAlimenticio, idIngrediente, porcion) VALUES (31,1,3);
INSERT INTO Preparar(idProductoAlimenticio, idIngrediente, porcion) VALUES (31,2,3);
INSERT INTO Preparar(idProductoAlimenticio, idIngrediente, porcion) VALUES (31,19,2);
--Salsa verde medio litro
INSERT INTO Preparar(idProductoAlimenticio, idIngrediente, porcion) VALUES (32,1,6);
INSERT INTO Preparar(idProductoAlimenticio, idIngrediente, porcion) VALUES (32,2,6);
INSERT INTO Preparar(idProductoAlimenticio, idIngrediente, porcion) VALUES (32,19,4);
--Salsa verde litro
INSERT INTO Preparar(idProductoAlimenticio, idIngrediente, porcion) VALUES (33,1,9);
INSERT INTO Preparar(idProductoAlimenticio, idIngrediente, porcion) VALUES (33,2,7);
INSERT INTO Preparar(idProductoAlimenticio, idIngrediente, porcion) VALUES (33,19,5);
--Pico de gallo pequea
INSERT INTO Preparar(idProductoAlimenticio, idIngrediente, porcion) VALUES (34,1,2);
INSERT INTO Preparar(idProductoAlimenticio, idIngrediente, porcion) VALUES (34,5,3);
--Pico de gallo mediano
INSERT INTO Preparar(idProductoAlimenticio, idIngrediente, porcion) VALUES (35,1,4);
INSERT INTO Preparar(idProductoAlimenticio, idIngrediente, porcion) VALUES (35,5,5);
--Pico de gallo litro
INSERT INTO Preparar(idProductoAlimenticio, idIngrediente, porcion) VALUES (36,1,6);
INSERT INTO Preparar(idProductoAlimenticio, idIngrediente, porcion) VALUES (36,5,6);


--Cliente

insert into Cliente (curp, puntos) values ('YYKR237365FBNFDZG7', 1627);
insert into Cliente (curp, puntos) values ('HYYN819653BOZNAMB9', 1802);
insert into Cliente (curp, puntos) values ('VEYY005756DWVCKAQ0', 504);
insert into Cliente (curp, puntos) values ('JMXU732448WNSEMIU1', 963);
insert into Cliente (curp, puntos) values ('CQRQ687173MDFLXJZ5', 762);
insert into Cliente (curp, puntos) values ('LQUW431029CNDZGDI7', 1449);
insert into Cliente (curp, puntos) values ('BGTO614896CZJYTKS2', 93);
insert into Cliente (curp, puntos) values ('IHYS472390FFLYSTU5', 315);
insert into Cliente (curp, puntos) values ('WGLY222821QMXHJNT6', 1162);
insert into Cliente (curp, puntos) values ('VXAS568846SLPUDTM4', 1031);
insert into Cliente (curp, puntos) values ('BWEW476614ILRUYRI2', 1418);
insert into Cliente (curp, puntos) values ('KYDO570991SLNTUTJ5', 12);
insert into Cliente (curp, puntos) values ('DUBL749266EWJEEML2', 477);
insert into Cliente (curp, puntos) values ('MGQL948231GJJFUMP7', 258);
insert into Cliente (curp, puntos) values ('DLLA916432FFYAESW0', 1299);
insert into Cliente (curp, puntos) values ('ZNPK934724SGCDVIB2', 322);
insert into Cliente (curp, puntos) values ('LKLO412720RFBZVZH2', 1341);
insert into Cliente (curp, puntos) values ('YTQR515703KYORVNX0', 1825);
insert into Cliente (curp, puntos) values ('TXEC326117EDBZSJW4', 995);
insert into Cliente (curp, puntos) values ('SABQ648945JEVASMM5', 1287);
insert into Cliente (curp, puntos) values ('HEEP254346MKGRNPD9', 1415);
insert into Cliente (curp, puntos) values ('TTIT236509JQQFBZV6', 1488);
insert into Cliente (curp, puntos) values ('PTJV012724ULFHNWD7', 1952);
insert into Cliente (curp, puntos) values ('HARG025205XLHEDDH4', 735);
insert into Cliente (curp, puntos) values ('ALSL166356ZZHYQBA5', 766);
insert into Cliente (curp, puntos) values ('YGRV965353QDMHZTV4', 1577);
insert into Cliente (curp, puntos) values ('NXSD215437QPQEGQB1', 911);
insert into Cliente (curp, puntos) values ('AAGW233180QISTGRL5', 893);
insert into Cliente (curp, puntos) values ('HFAL403867NDIGVGQ8', 1272);
insert into Cliente (curp, puntos) values ('YRRX521639BIKWOZQ9', 684);
insert into Cliente (curp, puntos) values ('GWUJ115937EPWQPAM4', 1722);
insert into Cliente (curp, puntos) values ('GCWO959088ZBVIKNM3', 122);
insert into Cliente (curp, puntos) values ('GCYN335176JZPYWEV7', 1103);
insert into Cliente (curp, puntos) values ('QFJL859078WNQOAJP8', 505);
insert into Cliente (curp, puntos) values ('VTJB405064XIFKYZZ0', 89);
insert into Cliente (curp, puntos) values ('ATHT928364NIECVSB9', 778);
insert into Cliente (curp, puntos) values ('FJVE527295EZNTRVZ3', 358);
insert into Cliente (curp, puntos) values ('IWPD274181VBLSEPW9', 1237);
insert into Cliente (curp, puntos) values ('RLET513245ZVMVZNV4', 1609);
insert into Cliente (curp, puntos) values ('ZUYA165363HWKZZOU5', 1710);
insert into Cliente (curp, puntos) values ('AVRC592773VBWUNMI9', 320);
insert into Cliente (curp, puntos) values ('TQLV283675KYLQDAC5', 1131);
insert into Cliente (curp, puntos) values ('GKTY575218XRSVYHD8', 1657);
insert into Cliente (curp, puntos) values ('SECO785044AGGNNAO5', 298);
insert into Cliente (curp, puntos) values ('SCFQ598279TKCBJDK3', 1491);
insert into Cliente (curp, puntos) values ('IKDQ900993EPGMDEA6', 776);
insert into Cliente (curp, puntos) values ('DKNI788011CSNHFDL7', 1819);
insert into Cliente (curp, puntos) values ('JFWC746068XDOXARX0', 1722);
insert into Cliente (curp, puntos) values ('XVEG348531OKNKOOG5', 1998);
insert into Cliente (curp, puntos) values ('TZRO516923LDORMYJ0', 1180);
insert into Cliente (curp, puntos) values ('OTBW362581NGDGGCF0', 728);
insert into Cliente (curp, puntos) values ('OKNO523280QZSDMML2', 1981);
insert into Cliente (curp, puntos) values ('WZTI766762GOBLCIB8', 1809);
insert into Cliente (curp, puntos) values ('EMTF408322INAZHQC9', 848);
insert into Cliente (curp, puntos) values ('SUBA843350HIIHTWI6', 915);
insert into Cliente (curp, puntos) values ('LAQY332255QQFCILL1', 1556);
insert into Cliente (curp, puntos) values ('IVQE304258VJOTDEK3', 1406);
insert into Cliente (curp, puntos) values ('SOEC446634EKCNHWG1', 1323);
insert into Cliente (curp, puntos) values ('FFIL004219LLAVJYA1', 879);
insert into Cliente (curp, puntos) values ('ALHN280322PXUJJOZ6', 1541);
insert into Cliente (curp, puntos) values ('CGAD100827RPQXPBZ9', 493);
insert into Cliente (curp, puntos) values ('EWBU472009VWNTKKJ5', 1286);
insert into Cliente (curp, puntos) values ('NSUR962235PNXEUXQ5', 530);
insert into Cliente (curp, puntos) values ('USUD372884CBGMRDZ6', 974);
insert into Cliente (curp, puntos) values ('ZCQQ412428FKZUBRC2', 408);
insert into Cliente (curp, puntos) values ('MDGV575223XEFZHQD9', 1929);
insert into Cliente (curp, puntos) values ('BWJA606093ROXVGGQ6', 462);
insert into Cliente (curp, puntos) values ('MSTL268223BMJFXOU8', 112);
insert into Cliente (curp, puntos) values ('GCFX275866PLDKOSB1', 1024);
insert into Cliente (curp, puntos) values ('JRMP100232CGNBUYX5', 482);
insert into Cliente (curp, puntos) values ('ZSPL869549TQSOHGU3', 1511);
insert into Cliente (curp, puntos) values ('OTDR961282SVEYPDA4', 265);
insert into Cliente (curp, puntos) values ('IEES203530BAJRYSQ2', 1573);
insert into Cliente (curp, puntos) values ('PATO725302ZBWXPYD3', 384);
insert into Cliente (curp, puntos) values ('QUDJ739428MVNEMAX4', 736);
insert into Cliente (curp, puntos) values ('PGAU175916OGKJVLE0', 1364);
insert into Cliente (curp, puntos) values ('AKQJ102030UWIKFBS8', 1657);
insert into Cliente (curp, puntos) values ('LVIA602624ISBBNBS9', 442);
insert into Cliente (curp, puntos) values ('ZLNL724930DQOWMZG0', 934);
insert into Cliente (curp, puntos) values ('FUEE891555TWVACPT5', 484);
insert into Cliente (curp, puntos) values ('MQVK008620WOABOAT9', 1204);
insert into Cliente (curp, puntos) values ('TNJL727454MMFRCKL3', 1828);
insert into Cliente (curp, puntos) values ('AKYV888099VMCVNNN4', 453);
insert into Cliente (curp, puntos) values ('FQJJ558740PURRAKH8', 1203);
insert into Cliente (curp, puntos) values ('SEIG257835OQCQTAE8', 19);
insert into Cliente (curp, puntos) values ('FEVX028111BKPXCAA8', 1836);
insert into Cliente (curp, puntos) values ('EHYB754119VMSMVFF3', 972);
insert into Cliente (curp, puntos) values ('OAXO975523IGEAOII4', 1858);
insert into Cliente (curp, puntos) values ('ARWJ806995OPJGLYG1', 1940);
insert into Cliente (curp, puntos) values ('RQEE610816QXKZFPH3', 652);
insert into Cliente (curp, puntos) values ('NFCE955788KXPSSOC0', 940);
insert into Cliente (curp, puntos) values ('FKJZ251074YBVCLUI7', 523);
insert into Cliente (curp, puntos) values ('BHYI791513PICBDFZ4', 400);
insert into Cliente (curp, puntos) values ('EOGL267825ZGTKSRY9', 229);
insert into Cliente (curp, puntos) values ('SSDG887249RNLKBAR5', 1864);
insert into Cliente (curp, puntos) values ('FHFT720371RERWKXO6', 1154);
insert into Cliente (curp, puntos) values ('SIML158302CXHNMND0', 112);
insert into Cliente (curp, puntos) values ('LAMB760791BBPJTJQ7', 527);
insert into Cliente (curp, puntos) values ('FVWW603961ADVBJSF8', 173);
insert into Cliente (curp, puntos) values ('XXKL491113JINMEWW9', 1544);
insert into Cliente (curp, puntos) values ('ZGNJ092264DQGFCBJ3', 859);
insert into Cliente (curp, puntos) values ('UKTU066139AQTLVWI2', 858);
insert into Cliente (curp, puntos) values ('TJWL735764WEJKPDD0', 415);
insert into Cliente (curp, puntos) values ('PIAN729296LREUMBQ7', 644);
insert into Cliente (curp, puntos) values ('LHEZ249362BUFPLFX2', 916);
insert into Cliente (curp, puntos) values ('IRHT872935BOWDJZI3', 1824);
insert into Cliente (curp, puntos) values ('ODNT148831XFLDIQW9', 1579);
insert into Cliente (curp, puntos) values ('HDIW000099BIVEDTI6', 1640);
insert into Cliente (curp, puntos) values ('NPIO615084JEWXKDP5', 664);
insert into Cliente (curp, puntos) values ('KCAN452590SAELUMA2', 1316);
insert into Cliente (curp, puntos) values ('AQJP940673KZTDEVF3', 226);
insert into Cliente (curp, puntos) values ('BVUB204057QTEHLHT0', 1884);
insert into Cliente (curp, puntos) values ('DSAY120738PXEUJNV5', 1663);
insert into Cliente (curp, puntos) values ('BJCE033390CIAFOEF2', 410);
insert into Cliente (curp, puntos) values ('DKQZ445257CHGPJWN2', 478);
insert into Cliente (curp, puntos) values ('XGYQ327819WHGKZRJ2', 493);
insert into Cliente (curp, puntos) values ('VCOJ300007HBNBNFV5', 1151);
insert into Cliente (curp, puntos) values ('SGXB949602FLEXZXP6', 413);
insert into Cliente (curp, puntos) values ('HDQF280299QLSMYQJ9', 908);
insert into Cliente (curp, puntos) values ('FXAO083713JMFSEGB0', 1031);
insert into Cliente (curp, puntos) values ('SBYR320637XBVGQMF8', 993);
insert into Cliente (curp, puntos) values ('TRZV249826RRFLJBZ5', 1991);
insert into Cliente (curp, puntos) values ('GSTJ730982OPGGYHM3', 1458);
insert into Cliente (curp, puntos) values ('DDSO976844DPMDORW7', 1288);
insert into Cliente (curp, puntos) values ('KVUX379368QVGWREP1', 231);
insert into Cliente (curp, puntos) values ('SUIH787468VRELELP4', 508);
insert into Cliente (curp, puntos) values ('AXHN827039PERTWKA7', 1554);
insert into Cliente (curp, puntos) values ('XKTW284347PUCDSEH2', 1645);
insert into Cliente (curp, puntos) values ('KIDX683746WTJHFTP6', 444);
insert into Cliente (curp, puntos) values ('DNYD038176JYTNTXE5', 729);
insert into Cliente (curp, puntos) values ('WVNP692098ZLXQPEZ1', 1881);
insert into Cliente (curp, puntos) values ('YTQO497713TFKQXCN7', 1897);
insert into Cliente (curp, puntos) values ('UVBV633282IKNVBPG3', 1128);
insert into Cliente (curp, puntos) values ('WDRL659462GPBOIIC3', 1608);
insert into Cliente (curp, puntos) values ('LMNU795110RYJDOZP9', 1971);
insert into Cliente (curp, puntos) values ('CASA171224CTKFOXZ4', 563);
insert into Cliente (curp, puntos) values ('XJKO148536EROTWHD4', 1020);
insert into Cliente (curp, puntos) values ('UZHP202956TQGOKHY3', 593);
insert into Cliente (curp, puntos) values ('PUMK496670UTHBPIG0', 1700);
insert into Cliente (curp, puntos) values ('AANW416021NENQDAU9', 408);
insert into Cliente (curp, puntos) values ('HLDA656241JXUTEYJ7', 918);
insert into Cliente (curp, puntos) values ('ZIBH430027EFBHGTY4', 1481);
insert into Cliente (curp, puntos) values ('TEIQ657230ORDJAUE3', 1846);
insert into Cliente (curp, puntos) values ('FZBE621875DKADXNX0', 1138);
insert into Cliente (curp, puntos) values ('ZMCG852169RXTDRQV2', 806);
insert into Cliente (curp, puntos) values ('PXXG243718OSFANHF8', 646);
insert into Cliente (curp, puntos) values ('XOTU920514UGNLZAR8', 154);
insert into Cliente (curp, puntos) values ('GREI347500WQOPIKQ4', 1167);
insert into Cliente (curp, puntos) values ('SZQZ841644EEEJQQB2', 1917);
insert into Cliente (curp, puntos) values ('IPAV661871CJZHKHB5', 1456);
insert into Cliente (curp, puntos) values ('XKYC856192MXKQCDB0', 694);
insert into Cliente (curp, puntos) values ('QOWD922211FAUDWKY7', 1176);
insert into Cliente (curp, puntos) values ('TEPP517146SDSSPEA5', 1019);
insert into Cliente (curp, puntos) values ('PZQX251680WCAJFWH0', 177);
insert into Cliente (curp, puntos) values ('UENX948050FLOLUCX0', 1042);
insert into Cliente (curp, puntos) values ('ZZVG445941WNHNUPJ2', 902);
insert into Cliente (curp, puntos) values ('PRAQ324176NCTZERD6', 125);
insert into Cliente (curp, puntos) values ('COJG751145VXGVQNV3', 13);
insert into Cliente (curp, puntos) values ('SGOE769863ISWWUNN2', 490);
insert into Cliente (curp, puntos) values ('TQIG592038HJDOPKW2', 901);
insert into Cliente (curp, puntos) values ('RQAV875118LLIFCBZ0', 1613);
insert into Cliente (curp, puntos) values ('XXEU714190QBYEPQD9', 326);
insert into Cliente (curp, puntos) values ('YTWC897649SZZYDBD5', 248);
insert into Cliente (curp, puntos) values ('LCHV947775KRWGTQT6', 453);
insert into Cliente (curp, puntos) values ('BJQZ532922TQTKQAH1', 1934);
insert into Cliente (curp, puntos) values ('QJNC287605GIGDJYU3', 527);
insert into Cliente (curp, puntos) values ('CDFV891928PGBHOZR0', 1426);
insert into Cliente (curp, puntos) values ('PAFS171053IKCLGTA9', 1082);
insert into Cliente (curp, puntos) values ('ZGKY161350ZGJXHNO5', 1951);
insert into Cliente (curp, puntos) values ('SKLZ404111VBLEAYH9', 945);
insert into Cliente (curp, puntos) values ('GVCO628039WPHIXGW1', 1379);
insert into Cliente (curp, puntos) values ('FGLS141268LIEQSLW2', 1395);
insert into Cliente (curp, puntos) values ('ZMZJ155553TXXDBHR9', 588);
insert into Cliente (curp, puntos) values ('CSEO272458FZIOIPA5', 1045);
insert into Cliente (curp, puntos) values ('BHQV147324LAHDGBR7', 1402);
insert into Cliente (curp, puntos) values ('LQHN420506MFVQOKR2', 150);
insert into Cliente (curp, puntos) values ('SVRU010862CNZBETG9', 256);
insert into Cliente (curp, puntos) values ('NVOG486083FTXVZAL8', 1971);
insert into Cliente (curp, puntos) values ('PPMD267736ORUSWPO7', 1056);
insert into Cliente (curp, puntos) values ('ESRU717687MZFOSCC5', 213);
insert into Cliente (curp, puntos) values ('XSTH904768AONGMPJ8', 1886);
insert into Cliente (curp, puntos) values ('FVYR086561FFUSTOW6', 52);
insert into Cliente (curp, puntos) values ('HEGG736193OVYLMWQ9', 1250);
insert into Cliente (curp, puntos) values ('TJCK931288RTUSOYT8', 1915);
insert into Cliente (curp, puntos) values ('XICZ867826LKPGIKR4', 1303);
insert into Cliente (curp, puntos) values ('YLEG278519CMLFDSC9', 1038);
insert into Cliente (curp, puntos) values ('CIDO381078XRZEJYY3', 537);
insert into Cliente (curp, puntos) values ('APMI956784ZRNVXZW8', 469);
insert into Cliente (curp, puntos) values ('TNLP581891BIDRXLV4', 977);
insert into Cliente (curp, puntos) values ('QREK244725QUTXBTF7', 622);
insert into Cliente (curp, puntos) values ('IJYE500849VGWZPWQ4', 1825);
insert into Cliente (curp, puntos) values ('FQJG820667KEZROIW6', 571);
insert into Cliente (curp, puntos) values ('UGWE603519TEXYYNB5', 1967);
insert into Cliente (curp, puntos) values ('YTEV367045FALBLNB6', 432);
insert into Cliente (curp, puntos) values ('VJRW793415GYGTTJY3', 1732);
insert into Cliente (curp, puntos) values ('QJIL362449RUCBYZY7', 1181);
insert into Cliente (curp, puntos) values ('VOST631886OATCCKC2', 121);
insert into Cliente (curp, puntos) values ('NKGP091347QNDMGHW2', 6);
insert into Cliente (curp, puntos) values ('TRZB446924KNPWNCF5', 554);
insert into Cliente (curp, puntos) values ('WGVR005087BKWUWLK2', 1716);
insert into Cliente (curp, puntos) values ('DBZQ828914YVBRSGT2', 1327);
insert into Cliente (curp, puntos) values ('ULDV050124FLZHDVI2', 1220);
insert into Cliente (curp, puntos) values ('TPUL995622SMQUTYV6', 722);
insert into Cliente (curp, puntos) values ('SMKU060599BEISUEO4', 70);
insert into Cliente (curp, puntos) values ('LXQS718249WKAOQWS5', 1601);
insert into Cliente (curp, puntos) values ('ECFR706433EYDFMJE7', 330);
insert into Cliente (curp, puntos) values ('DONB732900RTHLLRC2', 1650);
insert into Cliente (curp, puntos) values ('WQCS499611MNTKVMK2', 992);
insert into Cliente (curp, puntos) values ('SCZT074243IZLDOCA6', 24);
insert into Cliente (curp, puntos) values ('KQED259518HVYEKZV4', 483);
insert into Cliente (curp, puntos) values ('IJAQ241575GFMOPMJ8', 274);
insert into Cliente (curp, puntos) values ('YICZ738144IGMESZM9', 1252);
insert into Cliente (curp, puntos) values ('DKSV596532YMDSOQX3', 1371);
insert into Cliente (curp, puntos) values ('DZPL528106XTVXNLN9', 1876);
insert into Cliente (curp, puntos) values ('PAVI504144AHPFXGW2', 1976);
insert into Cliente (curp, puntos) values ('FQHB217231ZBRPKKS9', 1343);
insert into Cliente (curp, puntos) values ('GLLX809953JVNDMIE2', 883);
insert into Cliente (curp, puntos) values ('DKQB063073FYBEZQM1', 620);
insert into Cliente (curp, puntos) values ('CNMU495933WINBCNG4', 1080);
insert into Cliente (curp, puntos) values ('CMYZ680731UHTAYUC6', 1862);
insert into Cliente (curp, puntos) values ('BVZB193939PJAIAMK3', 18);
insert into Cliente (curp, puntos) values ('JAMB642353USMYOAB7', 191);
insert into Cliente (curp, puntos) values ('OKVT295197BRIUZIR3', 416);
insert into Cliente (curp, puntos) values ('IQCP441262CZMBWOD7', 1273);
insert into Cliente (curp, puntos) values ('FUZS795512DRYEIRT0', 1224);
insert into Cliente (curp, puntos) values ('YKBD220809JJZFYSD6', 1534);
insert into Cliente (curp, puntos) values ('YWER308055ZNVKVYY1', 1058);
insert into Cliente (curp, puntos) values ('DYCQ012762OEPQYEK7', 1792);
insert into Cliente (curp, puntos) values ('PTII496140KTMFUNB6', 1250);
insert into Cliente (curp, puntos) values ('AAQB435832OHQBPCE0', 1804);
insert into Cliente (curp, puntos) values ('UNFJ263053DWNVHXK4', 990);
insert into Cliente (curp, puntos) values ('QNTP786420PBLNRLU7', 320);
insert into Cliente (curp, puntos) values ('EBFF056246ETUHQJK9', 1083);
insert into Cliente (curp, puntos) values ('IVIG089807TJZMQDF7', 656);
insert into Cliente (curp, puntos) values ('ILKJ110319INNJHAC2', 44);
insert into Cliente (curp, puntos) values ('ROTF071728TSUIBGA8', 998);
insert into Cliente (curp, puntos) values ('TFFH879649HJINEZB7', 552);
insert into Cliente (curp, puntos) values ('JJQW377862IRAJHDO9', 1570);
insert into Cliente (curp, puntos) values ('GSCV141590BQYANEK3', 617);
insert into Cliente (curp, puntos) values ('HYDC194460DMXGFVW0', 1456);
insert into Cliente (curp, puntos) values ('FQOJ871479KAFXFSA6', 1326);
insert into Cliente (curp, puntos) values ('KPAE689846MCBEUPP9', 1961);
insert into Cliente (curp, puntos) values ('LYVX164922RDBLBYX7', 282);
insert into Cliente (curp, puntos) values ('CYOQ613134NQMYCUN1', 1635);
insert into Cliente (curp, puntos) values ('TFPV360450KCVTUVH7', 1248);
insert into Cliente (curp, puntos) values ('WVMC239938BPWGGVO2', 881);
insert into Cliente (curp, puntos) values ('CHZY744351DSISPPO5', 34);
insert into Cliente (curp, puntos) values ('GKEP388079LSYIPWZ6', 1345);
insert into Cliente (curp, puntos) values ('ODSS216641PNYGWFK7', 1151);
insert into Cliente (curp, puntos) values ('UYYK316559QVUPPQY8', 1929);

--TipoMetodoPago
insert into TipoMetodoPago (idTipoMP, descripcion) values (1, 'efectivo');
insert into TipoMetodoPago (idTipoMP, descripcion) values (2, 'tarjeta');
insert into TipoMetodoPago (idTipoMP, descripcion) values (3, 'puntos');

--MetodoPago
INSERT INTO MetodoPago(idTipo,curpCliente) VALUES (3,'WBOL996324UJJ00000');
INSERT INTO MetodoPago(idTipo,curpCliente) VALUES (1,'NELK338534S6K00000');
INSERT INTO MetodoPago(idTipo,curpCliente) VALUES (3,'JRAN188032Y3D00000');
INSERT INTO MetodoPago(idTipo,curpCliente) VALUES (1,'SLXO24174951400000');
INSERT INTO MetodoPago(idTipo,curpCliente) VALUES (3,'FQBQ6186447HI00000');
INSERT INTO MetodoPago(idTipo,curpCliente) VALUES (3,'YYKR237365FBNFDZG7');
INSERT INTO MetodoPago(idTipo,curpCliente) VALUES (3,'HYYN819653BOZNAMB9');
INSERT INTO MetodoPago(idTipo,curpCliente) VALUES (3,'VEYY005756DWVCKAQ0');
INSERT INTO MetodoPago(idTipo,curpCliente) VALUES (3,'JMXU732448WNSEMIU1');
INSERT INTO MetodoPago(idTipo,curpCliente) VALUES (3,'CQRQ687173MDFLXJZ5');
INSERT INTO MetodoPago(idTipo,curpCliente) VALUES (1,'LQUW431029CNDZGDI7');
INSERT INTO MetodoPago(idTipo,curpCliente) VALUES (2,'BGTO614896CZJYTKS2');
INSERT INTO MetodoPago(idTipo,curpCliente) VALUES (3,'IHYS472390FFLYSTU5');
INSERT INTO MetodoPago(idTipo,curpCliente) VALUES (1,'WGLY222821QMXHJNT6');
INSERT INTO MetodoPago(idTipo,curpCliente) VALUES (2,'VXAS568846SLPUDTM4');
INSERT INTO MetodoPago(idTipo,curpCliente) VALUES (3,'BWEW476614ILRUYRI2');
INSERT INTO MetodoPago(idTipo,curpCliente) VALUES (1,'KYDO570991SLNTUTJ5');
INSERT INTO MetodoPago(idTipo,curpCliente) VALUES (1,'DUBL749266EWJEEML2');
INSERT INTO MetodoPago(idTipo,curpCliente) VALUES (3,'MGQL948231GJJFUMP7');
INSERT INTO MetodoPago(idTipo,curpCliente) VALUES (2,'DLLA916432FFYAESW0');
INSERT INTO MetodoPago(idTipo,curpCliente) VALUES (2,'ZNPK934724SGCDVIB2');
INSERT INTO MetodoPago(idTipo,curpCliente) VALUES (2,'LKLO412720RFBZVZH2');
INSERT INTO MetodoPago(idTipo,curpCliente) VALUES (1,'YTQR515703KYORVNX0');
INSERT INTO MetodoPago(idTipo,curpCliente) VALUES (3,'TXEC326117EDBZSJW4');
INSERT INTO MetodoPago(idTipo,curpCliente) VALUES (3,'SABQ648945JEVASMM5');
INSERT INTO MetodoPago(idTipo,curpCliente) VALUES (3,'HEEP254346MKGRNPD9');
INSERT INTO MetodoPago(idTipo,curpCliente) VALUES (2,'TTIT236509JQQFBZV6');
INSERT INTO MetodoPago(idTipo,curpCliente) VALUES (2,'PTJV012724ULFHNWD7');
INSERT INTO MetodoPago(idTipo,curpCliente) VALUES (1,'HARG025205XLHEDDH4');
INSERT INTO MetodoPago(idTipo,curpCliente) VALUES (1,'ALSL166356ZZHYQBA5');
INSERT INTO MetodoPago(idTipo,curpCliente) VALUES (3,'YGRV965353QDMHZTV4');
INSERT INTO MetodoPago(idTipo,curpCliente) VALUES (2,'NXSD215437QPQEGQB1');
INSERT INTO MetodoPago(idTipo,curpCliente) VALUES (2,'AAGW233180QISTGRL5');
INSERT INTO MetodoPago(idTipo,curpCliente) VALUES (3,'HFAL403867NDIGVGQ8');
INSERT INTO MetodoPago(idTipo,curpCliente) VALUES (2,'YRRX521639BIKWOZQ9');
INSERT INTO MetodoPago(idTipo,curpCliente) VALUES (1,'GWUJ115937EPWQPAM4');
INSERT INTO MetodoPago(idTipo,curpCliente) VALUES (1,'GCWO959088ZBVIKNM3');
INSERT INTO MetodoPago(idTipo,curpCliente) VALUES (1,'GCYN335176JZPYWEV7');
INSERT INTO MetodoPago(idTipo,curpCliente) VALUES (3,'QFJL859078WNQOAJP8');
INSERT INTO MetodoPago(idTipo,curpCliente) VALUES (1,'VTJB405064XIFKYZZ0');
INSERT INTO MetodoPago(idTipo,curpCliente) VALUES (3,'ATHT928364NIECVSB9');
INSERT INTO MetodoPago(idTipo,curpCliente) VALUES (1,'FJVE527295EZNTRVZ3');
INSERT INTO MetodoPago(idTipo,curpCliente) VALUES (3,'IWPD274181VBLSEPW9');
INSERT INTO MetodoPago(idTipo,curpCliente) VALUES (3,'RLET513245ZVMVZNV4');
INSERT INTO MetodoPago(idTipo,curpCliente) VALUES (3,'ZUYA165363HWKZZOU5');
INSERT INTO MetodoPago(idTipo,curpCliente) VALUES (3,'AVRC592773VBWUNMI9');
INSERT INTO MetodoPago(idTipo,curpCliente) VALUES (1,'TQLV283675KYLQDAC5');
INSERT INTO MetodoPago(idTipo,curpCliente) VALUES (3,'GKTY575218XRSVYHD8');
INSERT INTO MetodoPago(idTipo,curpCliente) VALUES (2,'SECO785044AGGNNAO5');
INSERT INTO MetodoPago(idTipo,curpCliente) VALUES (2,'SCFQ598279TKCBJDK3');
INSERT INTO MetodoPago(idTipo,curpCliente) VALUES (2,'IKDQ900993EPGMDEA6');
INSERT INTO MetodoPago(idTipo,curpCliente) VALUES (3,'DKNI788011CSNHFDL7');
INSERT INTO MetodoPago(idTipo,curpCliente) VALUES (3,'JFWC746068XDOXARX0');
INSERT INTO MetodoPago(idTipo,curpCliente) VALUES (3,'XVEG348531OKNKOOG5');
INSERT INTO MetodoPago(idTipo,curpCliente) VALUES (2,'TZRO516923LDORMYJ0');
INSERT INTO MetodoPago(idTipo,curpCliente) VALUES (1,'OTBW362581NGDGGCF0');
INSERT INTO MetodoPago(idTipo,curpCliente) VALUES (3,'OKNO523280QZSDMML2');
INSERT INTO MetodoPago(idTipo,curpCliente) VALUES (1,'WZTI766762GOBLCIB8');
INSERT INTO MetodoPago(idTipo,curpCliente) VALUES (2,'EMTF408322INAZHQC9');
INSERT INTO MetodoPago(idTipo,curpCliente) VALUES (2,'SUBA843350HIIHTWI6');
INSERT INTO MetodoPago(idTipo,curpCliente) VALUES (3,'LAQY332255QQFCILL1');
INSERT INTO MetodoPago(idTipo,curpCliente) VALUES (3,'IVQE304258VJOTDEK3');
INSERT INTO MetodoPago(idTipo,curpCliente) VALUES (2,'SOEC446634EKCNHWG1');
INSERT INTO MetodoPago(idTipo,curpCliente) VALUES (3,'FFIL004219LLAVJYA1');
INSERT INTO MetodoPago(idTipo,curpCliente) VALUES (1,'ALHN280322PXUJJOZ6');
INSERT INTO MetodoPago(idTipo,curpCliente) VALUES (3,'CGAD100827RPQXPBZ9');
INSERT INTO MetodoPago(idTipo,curpCliente) VALUES (3,'EWBU472009VWNTKKJ5');
INSERT INTO MetodoPago(idTipo,curpCliente) VALUES (1,'NSUR962235PNXEUXQ5');
INSERT INTO MetodoPago(idTipo,curpCliente) VALUES (1,'USUD372884CBGMRDZ6');
INSERT INTO MetodoPago(idTipo,curpCliente) VALUES (2,'ZCQQ412428FKZUBRC2');
INSERT INTO MetodoPago(idTipo,curpCliente) VALUES (1,'MDGV575223XEFZHQD9');
INSERT INTO MetodoPago(idTipo,curpCliente) VALUES (3,'BWJA606093ROXVGGQ6');
INSERT INTO MetodoPago(idTipo,curpCliente) VALUES (3,'MSTL268223BMJFXOU8');
INSERT INTO MetodoPago(idTipo,curpCliente) VALUES (2,'GCFX275866PLDKOSB1');
INSERT INTO MetodoPago(idTipo,curpCliente) VALUES (3,'JRMP100232CGNBUYX5');
INSERT INTO MetodoPago(idTipo,curpCliente) VALUES (1,'ZSPL869549TQSOHGU3');
INSERT INTO MetodoPago(idTipo,curpCliente) VALUES (3,'OTDR961282SVEYPDA4');
INSERT INTO MetodoPago(idTipo,curpCliente) VALUES (3,'IEES203530BAJRYSQ2');
INSERT INTO MetodoPago(idTipo,curpCliente) VALUES (1,'PATO725302ZBWXPYD3');
INSERT INTO MetodoPago(idTipo,curpCliente) VALUES (1,'QUDJ739428MVNEMAX4');
INSERT INTO MetodoPago(idTipo,curpCliente) VALUES (2,'PGAU175916OGKJVLE0');
INSERT INTO MetodoPago(idTipo,curpCliente) VALUES (3,'AKQJ102030UWIKFBS8');
INSERT INTO MetodoPago(idTipo,curpCliente) VALUES (1,'LVIA602624ISBBNBS9');
INSERT INTO MetodoPago(idTipo,curpCliente) VALUES (3,'ZLNL724930DQOWMZG0');
INSERT INTO MetodoPago(idTipo,curpCliente) VALUES (1,'FUEE891555TWVACPT5');
INSERT INTO MetodoPago(idTipo,curpCliente) VALUES (3,'MQVK008620WOABOAT9');
INSERT INTO MetodoPago(idTipo,curpCliente) VALUES (1,'TNJL727454MMFRCKL3');
INSERT INTO MetodoPago(idTipo,curpCliente) VALUES (3,'AKYV888099VMCVNNN4');
INSERT INTO MetodoPago(idTipo,curpCliente) VALUES (2,'FQJJ558740PURRAKH8');
INSERT INTO MetodoPago(idTipo,curpCliente) VALUES (3,'SEIG257835OQCQTAE8');
INSERT INTO MetodoPago(idTipo,curpCliente) VALUES (3,'FEVX028111BKPXCAA8');
INSERT INTO MetodoPago(idTipo,curpCliente) VALUES (2,'EHYB754119VMSMVFF3');
INSERT INTO MetodoPago(idTipo,curpCliente) VALUES (3,'OAXO975523IGEAOII4');
INSERT INTO MetodoPago(idTipo,curpCliente) VALUES (3,'ARWJ806995OPJGLYG1');
INSERT INTO MetodoPago(idTipo,curpCliente) VALUES (3,'RQEE610816QXKZFPH3');
INSERT INTO MetodoPago(idTipo,curpCliente) VALUES (1,'NFCE955788KXPSSOC0');
INSERT INTO MetodoPago(idTipo,curpCliente) VALUES (2,'FKJZ251074YBVCLUI7');
INSERT INTO MetodoPago(idTipo,curpCliente) VALUES (2,'BHYI791513PICBDFZ4');
INSERT INTO MetodoPago(idTipo,curpCliente) VALUES (2,'EOGL267825ZGTKSRY9');
INSERT INTO MetodoPago(idTipo,curpCliente) VALUES (1,'SSDG887249RNLKBAR5');
INSERT INTO MetodoPago(idTipo,curpCliente) VALUES (3,'FHFT720371RERWKXO6');
INSERT INTO MetodoPago(idTipo,curpCliente) VALUES (2,'SIML158302CXHNMND0');
INSERT INTO MetodoPago(idTipo,curpCliente) VALUES (2,'LAMB760791BBPJTJQ7');
INSERT INTO MetodoPago(idTipo,curpCliente) VALUES (3,'FVWW603961ADVBJSF8');
INSERT INTO MetodoPago(idTipo,curpCliente) VALUES (3,'XXKL491113JINMEWW9');
INSERT INTO MetodoPago(idTipo,curpCliente) VALUES (3,'ZGNJ092264DQGFCBJ3');
INSERT INTO MetodoPago(idTipo,curpCliente) VALUES (3,'UKTU066139AQTLVWI2');
INSERT INTO MetodoPago(idTipo,curpCliente) VALUES (1,'TJWL735764WEJKPDD0');
INSERT INTO MetodoPago(idTipo,curpCliente) VALUES (2,'PIAN729296LREUMBQ7');
INSERT INTO MetodoPago(idTipo,curpCliente) VALUES (3,'LHEZ249362BUFPLFX2');
INSERT INTO MetodoPago(idTipo,curpCliente) VALUES (2,'IRHT872935BOWDJZI3');
INSERT INTO MetodoPago(idTipo,curpCliente) VALUES (3,'ODNT148831XFLDIQW9');
INSERT INTO MetodoPago(idTipo,curpCliente) VALUES (3,'HDIW000099BIVEDTI6');
INSERT INTO MetodoPago(idTipo,curpCliente) VALUES (2,'NPIO615084JEWXKDP5');
INSERT INTO MetodoPago(idTipo,curpCliente) VALUES (1,'KCAN452590SAELUMA2');
INSERT INTO MetodoPago(idTipo,curpCliente) VALUES (3,'AQJP940673KZTDEVF3');
INSERT INTO MetodoPago(idTipo,curpCliente) VALUES (2,'BVUB204057QTEHLHT0');
INSERT INTO MetodoPago(idTipo,curpCliente) VALUES (3,'DSAY120738PXEUJNV5');
INSERT INTO MetodoPago(idTipo,curpCliente) VALUES (3,'BJCE033390CIAFOEF2');
INSERT INTO MetodoPago(idTipo,curpCliente) VALUES (3,'DKQZ445257CHGPJWN2');
INSERT INTO MetodoPago(idTipo,curpCliente) VALUES (1,'XGYQ327819WHGKZRJ2');
INSERT INTO MetodoPago(idTipo,curpCliente) VALUES (2,'VCOJ300007HBNBNFV5');
INSERT INTO MetodoPago(idTipo,curpCliente) VALUES (1,'SGXB949602FLEXZXP6');
INSERT INTO MetodoPago(idTipo,curpCliente) VALUES (2,'HDQF280299QLSMYQJ9');
INSERT INTO MetodoPago(idTipo,curpCliente) VALUES (1,'FXAO083713JMFSEGB0');
INSERT INTO MetodoPago(idTipo,curpCliente) VALUES (3,'SBYR320637XBVGQMF8');
INSERT INTO MetodoPago(idTipo,curpCliente) VALUES (3,'TRZV249826RRFLJBZ5');
INSERT INTO MetodoPago(idTipo,curpCliente) VALUES (3,'GSTJ730982OPGGYHM3');
INSERT INTO MetodoPago(idTipo,curpCliente) VALUES (3,'DDSO976844DPMDORW7');
INSERT INTO MetodoPago(idTipo,curpCliente) VALUES (2,'KVUX379368QVGWREP1');
INSERT INTO MetodoPago(idTipo,curpCliente) VALUES (3,'SUIH787468VRELELP4');
INSERT INTO MetodoPago(idTipo,curpCliente) VALUES (2,'AXHN827039PERTWKA7');
INSERT INTO MetodoPago(idTipo,curpCliente) VALUES (3,'XKTW284347PUCDSEH2');
INSERT INTO MetodoPago(idTipo,curpCliente) VALUES (2,'KIDX683746WTJHFTP6');
INSERT INTO MetodoPago(idTipo,curpCliente) VALUES (1,'DNYD038176JYTNTXE5');
INSERT INTO MetodoPago(idTipo,curpCliente) VALUES (1,'WVNP692098ZLXQPEZ1');
INSERT INTO MetodoPago(idTipo,curpCliente) VALUES (3,'YTQO497713TFKQXCN7');
INSERT INTO MetodoPago(idTipo,curpCliente) VALUES (1,'UVBV633282IKNVBPG3');
INSERT INTO MetodoPago(idTipo,curpCliente) VALUES (2,'WDRL659462GPBOIIC3');
INSERT INTO MetodoPago(idTipo,curpCliente) VALUES (3,'LMNU795110RYJDOZP9');
INSERT INTO MetodoPago(idTipo,curpCliente) VALUES (2,'CASA171224CTKFOXZ4');
INSERT INTO MetodoPago(idTipo,curpCliente) VALUES (3,'XJKO148536EROTWHD4');
INSERT INTO MetodoPago(idTipo,curpCliente) VALUES (1,'UZHP202956TQGOKHY3');
INSERT INTO MetodoPago(idTipo,curpCliente) VALUES (2,'PUMK496670UTHBPIG0');
INSERT INTO MetodoPago(idTipo,curpCliente) VALUES (2,'AANW416021NENQDAU9');
INSERT INTO MetodoPago(idTipo,curpCliente) VALUES (2,'HLDA656241JXUTEYJ7');
INSERT INTO MetodoPago(idTipo,curpCliente) VALUES (3,'ZIBH430027EFBHGTY4');
INSERT INTO MetodoPago(idTipo,curpCliente) VALUES (3,'TEIQ657230ORDJAUE3');
INSERT INTO MetodoPago(idTipo,curpCliente) VALUES (1,'FZBE621875DKADXNX0');
INSERT INTO MetodoPago(idTipo,curpCliente) VALUES (1,'ZMCG852169RXTDRQV2');
INSERT INTO MetodoPago(idTipo,curpCliente) VALUES (3,'PXXG243718OSFANHF8');
INSERT INTO MetodoPago(idTipo,curpCliente) VALUES (1,'XOTU920514UGNLZAR8');
INSERT INTO MetodoPago(idTipo,curpCliente) VALUES (2,'GREI347500WQOPIKQ4');
INSERT INTO MetodoPago(idTipo,curpCliente) VALUES (2,'SZQZ841644EEEJQQB2');
INSERT INTO MetodoPago(idTipo,curpCliente) VALUES (2,'IPAV661871CJZHKHB5');
INSERT INTO MetodoPago(idTipo,curpCliente) VALUES (3,'XKYC856192MXKQCDB0');
INSERT INTO MetodoPago(idTipo,curpCliente) VALUES (1,'QOWD922211FAUDWKY7');
INSERT INTO MetodoPago(idTipo,curpCliente) VALUES (3,'TEPP517146SDSSPEA5');
INSERT INTO MetodoPago(idTipo,curpCliente) VALUES (1,'PZQX251680WCAJFWH0');
INSERT INTO MetodoPago(idTipo,curpCliente) VALUES (1,'UENX948050FLOLUCX0');
INSERT INTO MetodoPago(idTipo,curpCliente) VALUES (3,'ZZVG445941WNHNUPJ2');
INSERT INTO MetodoPago(idTipo,curpCliente) VALUES (2,'PRAQ324176NCTZERD6');
INSERT INTO MetodoPago(idTipo,curpCliente) VALUES (3,'COJG751145VXGVQNV3');
INSERT INTO MetodoPago(idTipo,curpCliente) VALUES (3,'SGOE769863ISWWUNN2');
INSERT INTO MetodoPago(idTipo,curpCliente) VALUES (2,'TQIG592038HJDOPKW2');
INSERT INTO MetodoPago(idTipo,curpCliente) VALUES (1,'RQAV875118LLIFCBZ0');
INSERT INTO MetodoPago(idTipo,curpCliente) VALUES (3,'XXEU714190QBYEPQD9');
INSERT INTO MetodoPago(idTipo,curpCliente) VALUES (3,'YTWC897649SZZYDBD5');
INSERT INTO MetodoPago(idTipo,curpCliente) VALUES (2,'LCHV947775KRWGTQT6');
INSERT INTO MetodoPago(idTipo,curpCliente) VALUES (3,'BJQZ532922TQTKQAH1');
INSERT INTO MetodoPago(idTipo,curpCliente) VALUES (3,'QJNC287605GIGDJYU3');
INSERT INTO MetodoPago(idTipo,curpCliente) VALUES (3,'CDFV891928PGBHOZR0');
INSERT INTO MetodoPago(idTipo,curpCliente) VALUES (3,'PAFS171053IKCLGTA9');
INSERT INTO MetodoPago(idTipo,curpCliente) VALUES (2,'ZGKY161350ZGJXHNO5');
INSERT INTO MetodoPago(idTipo,curpCliente) VALUES (3,'SKLZ404111VBLEAYH9');
INSERT INTO MetodoPago(idTipo,curpCliente) VALUES (2,'GVCO628039WPHIXGW1');
INSERT INTO MetodoPago(idTipo,curpCliente) VALUES (3,'FGLS141268LIEQSLW2');
INSERT INTO MetodoPago(idTipo,curpCliente) VALUES (3,'ZMZJ155553TXXDBHR9');
INSERT INTO MetodoPago(idTipo,curpCliente) VALUES (2,'CSEO272458FZIOIPA5');
INSERT INTO MetodoPago(idTipo,curpCliente) VALUES (1,'BHQV147324LAHDGBR7');
INSERT INTO MetodoPago(idTipo,curpCliente) VALUES (1,'LQHN420506MFVQOKR2');
INSERT INTO MetodoPago(idTipo,curpCliente) VALUES (1,'SVRU010862CNZBETG9');
INSERT INTO MetodoPago(idTipo,curpCliente) VALUES (2,'NVOG486083FTXVZAL8');
INSERT INTO MetodoPago(idTipo,curpCliente) VALUES (3,'PPMD267736ORUSWPO7');
INSERT INTO MetodoPago(idTipo,curpCliente) VALUES (3,'ESRU717687MZFOSCC5');
INSERT INTO MetodoPago(idTipo,curpCliente) VALUES (2,'XSTH904768AONGMPJ8');
INSERT INTO MetodoPago(idTipo,curpCliente) VALUES (3,'FVYR086561FFUSTOW6');
INSERT INTO MetodoPago(idTipo,curpCliente) VALUES (2,'HEGG736193OVYLMWQ9');
INSERT INTO MetodoPago(idTipo,curpCliente) VALUES (2,'TJCK931288RTUSOYT8');
INSERT INTO MetodoPago(idTipo,curpCliente) VALUES (3,'XICZ867826LKPGIKR4');
INSERT INTO MetodoPago(idTipo,curpCliente) VALUES (3,'YLEG278519CMLFDSC9');
INSERT INTO MetodoPago(idTipo,curpCliente) VALUES (1,'CIDO381078XRZEJYY3');
INSERT INTO MetodoPago(idTipo,curpCliente) VALUES (1,'APMI956784ZRNVXZW8');
INSERT INTO MetodoPago(idTipo,curpCliente) VALUES (3,'TNLP581891BIDRXLV4');
INSERT INTO MetodoPago(idTipo,curpCliente) VALUES (3,'QREK244725QUTXBTF7');
INSERT INTO MetodoPago(idTipo,curpCliente) VALUES (2,'IJYE500849VGWZPWQ4');
INSERT INTO MetodoPago(idTipo,curpCliente) VALUES (3,'FQJG820667KEZROIW6');
INSERT INTO MetodoPago(idTipo,curpCliente) VALUES (2,'UGWE603519TEXYYNB5');
INSERT INTO MetodoPago(idTipo,curpCliente) VALUES (3,'YTEV367045FALBLNB6');
INSERT INTO MetodoPago(idTipo,curpCliente) VALUES (1,'VJRW793415GYGTTJY3');
INSERT INTO MetodoPago(idTipo,curpCliente) VALUES (1,'QJIL362449RUCBYZY7');
INSERT INTO MetodoPago(idTipo,curpCliente) VALUES (3,'VOST631886OATCCKC2');
INSERT INTO MetodoPago(idTipo,curpCliente) VALUES (1,'NKGP091347QNDMGHW2');
INSERT INTO MetodoPago(idTipo,curpCliente) VALUES (3,'TRZB446924KNPWNCF5');
INSERT INTO MetodoPago(idTipo,curpCliente) VALUES (1,'WGVR005087BKWUWLK2');
INSERT INTO MetodoPago(idTipo,curpCliente) VALUES (3,'DBZQ828914YVBRSGT2');
INSERT INTO MetodoPago(idTipo,curpCliente) VALUES (3,'ULDV050124FLZHDVI2');
INSERT INTO MetodoPago(idTipo,curpCliente) VALUES (2,'TPUL995622SMQUTYV6');
INSERT INTO MetodoPago(idTipo,curpCliente) VALUES (1,'SMKU060599BEISUEO4');
INSERT INTO MetodoPago(idTipo,curpCliente) VALUES (3,'LXQS718249WKAOQWS5');
INSERT INTO MetodoPago(idTipo,curpCliente) VALUES (2,'ECFR706433EYDFMJE7');
INSERT INTO MetodoPago(idTipo,curpCliente) VALUES (3,'DONB732900RTHLLRC2');
INSERT INTO MetodoPago(idTipo,curpCliente) VALUES (3,'WQCS499611MNTKVMK2');
INSERT INTO MetodoPago(idTipo,curpCliente) VALUES (2,'SCZT074243IZLDOCA6');
INSERT INTO MetodoPago(idTipo,curpCliente) VALUES (3,'KQED259518HVYEKZV4');
INSERT INTO MetodoPago(idTipo,curpCliente) VALUES (2,'IJAQ241575GFMOPMJ8');
INSERT INTO MetodoPago(idTipo,curpCliente) VALUES (2,'YICZ738144IGMESZM9');
INSERT INTO MetodoPago(idTipo,curpCliente) VALUES (3,'DKSV596532YMDSOQX3');
INSERT INTO MetodoPago(idTipo,curpCliente) VALUES (1,'DZPL528106XTVXNLN9');
INSERT INTO MetodoPago(idTipo,curpCliente) VALUES (1,'PAVI504144AHPFXGW2');
INSERT INTO MetodoPago(idTipo,curpCliente) VALUES (2,'FQHB217231ZBRPKKS9');
INSERT INTO MetodoPago(idTipo,curpCliente) VALUES (2,'GLLX809953JVNDMIE2');
INSERT INTO MetodoPago(idTipo,curpCliente) VALUES (3,'DKQB063073FYBEZQM1');
INSERT INTO MetodoPago(idTipo,curpCliente) VALUES (2,'CNMU495933WINBCNG4');
INSERT INTO MetodoPago(idTipo,curpCliente) VALUES (3,'CMYZ680731UHTAYUC6');
INSERT INTO MetodoPago(idTipo,curpCliente) VALUES (1,'BVZB193939PJAIAMK3');
INSERT INTO MetodoPago(idTipo,curpCliente) VALUES (3,'JAMB642353USMYOAB7');
INSERT INTO MetodoPago(idTipo,curpCliente) VALUES (3,'OKVT295197BRIUZIR3');
INSERT INTO MetodoPago(idTipo,curpCliente) VALUES (3,'IQCP441262CZMBWOD7');
INSERT INTO MetodoPago(idTipo,curpCliente) VALUES (1,'FUZS795512DRYEIRT0');
INSERT INTO MetodoPago(idTipo,curpCliente) VALUES (2,'YKBD220809JJZFYSD6');
INSERT INTO MetodoPago(idTipo,curpCliente) VALUES (3,'YWER308055ZNVKVYY1');
INSERT INTO MetodoPago(idTipo,curpCliente) VALUES (1,'DYCQ012762OEPQYEK7');
INSERT INTO MetodoPago(idTipo,curpCliente) VALUES (3,'PTII496140KTMFUNB6');
INSERT INTO MetodoPago(idTipo,curpCliente) VALUES (1,'AAQB435832OHQBPCE0');
INSERT INTO MetodoPago(idTipo,curpCliente) VALUES (1,'UNFJ263053DWNVHXK4');
INSERT INTO MetodoPago(idTipo,curpCliente) VALUES (3,'QNTP786420PBLNRLU7');
INSERT INTO MetodoPago(idTipo,curpCliente) VALUES (2,'EBFF056246ETUHQJK9');
INSERT INTO MetodoPago(idTipo,curpCliente) VALUES (3,'IVIG089807TJZMQDF7');
INSERT INTO MetodoPago(idTipo,curpCliente) VALUES (1,'ILKJ110319INNJHAC2');
INSERT INTO MetodoPago(idTipo,curpCliente) VALUES (2,'ROTF071728TSUIBGA8');
INSERT INTO MetodoPago(idTipo,curpCliente) VALUES (2,'TFFH879649HJINEZB7');
INSERT INTO MetodoPago(idTipo,curpCliente) VALUES (1,'JJQW377862IRAJHDO9');
INSERT INTO MetodoPago(idTipo,curpCliente) VALUES (1,'GSCV141590BQYANEK3');
INSERT INTO MetodoPago(idTipo,curpCliente) VALUES (1,'HYDC194460DMXGFVW0');
INSERT INTO MetodoPago(idTipo,curpCliente) VALUES (2,'FQOJ871479KAFXFSA6');
INSERT INTO MetodoPago(idTipo,curpCliente) VALUES (3,'KPAE689846MCBEUPP9');
INSERT INTO MetodoPago(idTipo,curpCliente) VALUES (3,'LYVX164922RDBLBYX7');
INSERT INTO MetodoPago(idTipo,curpCliente) VALUES (1,'CYOQ613134NQMYCUN1');
INSERT INTO MetodoPago(idTipo,curpCliente) VALUES (3,'TFPV360450KCVTUVH7');

--Tarjeta
INSERT INTO Tarjeta(idMetodoPago,numTarjeta,fechaVencimiento) VALUES (12,'2164093015424','2023-02-13');
INSERT INTO Tarjeta(idMetodoPago,numTarjeta,fechaVencimiento) VALUES (15,'1579826286568','2024-05-10');
INSERT INTO Tarjeta(idMetodoPago,numTarjeta,fechaVencimiento) VALUES (20,'0578457212874','2023-01-12');
INSERT INTO Tarjeta(idMetodoPago,numTarjeta,fechaVencimiento) VALUES (21,'2485186017460','2024-06-27');
INSERT INTO Tarjeta(idMetodoPago,numTarjeta,fechaVencimiento) VALUES (22,'9496727321106','2023-05-05');
INSERT INTO Tarjeta(idMetodoPago,numTarjeta,fechaVencimiento) VALUES (27,'4037223780524','2024-01-14');
INSERT INTO Tarjeta(idMetodoPago,numTarjeta,fechaVencimiento) VALUES (28,'5785274912939','2023-01-30');
INSERT INTO Tarjeta(idMetodoPago,numTarjeta,fechaVencimiento) VALUES (32,'4172928405728','2023-07-25');
INSERT INTO Tarjeta(idMetodoPago,numTarjeta,fechaVencimiento) VALUES (33,'9021111793028','2024-01-23');
INSERT INTO Tarjeta(idMetodoPago,numTarjeta,fechaVencimiento) VALUES (35,'5474644595261','2023-09-18');
INSERT INTO Tarjeta(idMetodoPago,numTarjeta,fechaVencimiento) VALUES (49,'8393062796353','2023-10-06');
INSERT INTO Tarjeta(idMetodoPago,numTarjeta,fechaVencimiento) VALUES (50,'1900259203361','2024-03-09');
INSERT INTO Tarjeta(idMetodoPago,numTarjeta,fechaVencimiento) VALUES (51,'9049362715625','2023-06-07');
INSERT INTO Tarjeta(idMetodoPago,numTarjeta,fechaVencimiento) VALUES (55,'8137492364217','2024-01-03');
INSERT INTO Tarjeta(idMetodoPago,numTarjeta,fechaVencimiento) VALUES (59,'3004561488464','2024-03-23');
INSERT INTO Tarjeta(idMetodoPago,numTarjeta,fechaVencimiento) VALUES (60,'1792539625591','2023-03-12');
INSERT INTO Tarjeta(idMetodoPago,numTarjeta,fechaVencimiento) VALUES (63,'7375534084559','2023-08-11');
INSERT INTO Tarjeta(idMetodoPago,numTarjeta,fechaVencimiento) VALUES (70,'8519400774187','2024-05-19');
INSERT INTO Tarjeta(idMetodoPago,numTarjeta,fechaVencimiento) VALUES (74,'1195907221251','2024-05-08');
INSERT INTO Tarjeta(idMetodoPago,numTarjeta,fechaVencimiento) VALUES (81,'0418233143322','2024-01-12');
INSERT INTO Tarjeta(idMetodoPago,numTarjeta,fechaVencimiento) VALUES (89,'4517416023164','2023-06-08');
INSERT INTO Tarjeta(idMetodoPago,numTarjeta,fechaVencimiento) VALUES (92,'3213620225497','2023-12-29');
INSERT INTO Tarjeta(idMetodoPago,numTarjeta,fechaVencimiento) VALUES (97,'3284510064341','2023-02-06');
INSERT INTO Tarjeta(idMetodoPago,numTarjeta,fechaVencimiento) VALUES (98,'6925575511292','2023-12-13');
INSERT INTO Tarjeta(idMetodoPago,numTarjeta,fechaVencimiento) VALUES (99,'5189880223841','2024-05-06');
INSERT INTO Tarjeta(idMetodoPago,numTarjeta,fechaVencimiento) VALUES (102,'0671440131180','2023-04-12');
INSERT INTO Tarjeta(idMetodoPago,numTarjeta,fechaVencimiento) VALUES (103,'7756632250598','2024-06-13');
INSERT INTO Tarjeta(idMetodoPago,numTarjeta,fechaVencimiento) VALUES (109,'9721861486170','2023-11-17');
INSERT INTO Tarjeta(idMetodoPago,numTarjeta,fechaVencimiento) VALUES (111,'4252098046292','2023-04-03');
INSERT INTO Tarjeta(idMetodoPago,numTarjeta,fechaVencimiento) VALUES (114,'1672791621850','2023-03-26');
INSERT INTO Tarjeta(idMetodoPago,numTarjeta,fechaVencimiento) VALUES (117,'7622846404876','2023-09-15');
INSERT INTO Tarjeta(idMetodoPago,numTarjeta,fechaVencimiento) VALUES (122,'4616109309848','2023-03-31');
INSERT INTO Tarjeta(idMetodoPago,numTarjeta,fechaVencimiento) VALUES (124,'4078119797133','2023-08-16');
INSERT INTO Tarjeta(idMetodoPago,numTarjeta,fechaVencimiento) VALUES (130,'4176946546385','2023-08-12');
INSERT INTO Tarjeta(idMetodoPago,numTarjeta,fechaVencimiento) VALUES (132,'8779101878377','2023-04-02');
INSERT INTO Tarjeta(idMetodoPago,numTarjeta,fechaVencimiento) VALUES (134,'3626153545288','2023-02-17');
INSERT INTO Tarjeta(idMetodoPago,numTarjeta,fechaVencimiento) VALUES (139,'0986193144728','2023-12-28');
INSERT INTO Tarjeta(idMetodoPago,numTarjeta,fechaVencimiento) VALUES (141,'7229178759714','2023-11-15');
INSERT INTO Tarjeta(idMetodoPago,numTarjeta,fechaVencimiento) VALUES (144,'5122674737399','2024-05-15');
INSERT INTO Tarjeta(idMetodoPago,numTarjeta,fechaVencimiento) VALUES (145,'7367059977122','2023-11-01');
INSERT INTO Tarjeta(idMetodoPago,numTarjeta,fechaVencimiento) VALUES (146,'8368045529843','2023-02-12');
INSERT INTO Tarjeta(idMetodoPago,numTarjeta,fechaVencimiento) VALUES (153,'6243833485779','2024-07-03');
INSERT INTO Tarjeta(idMetodoPago,numTarjeta,fechaVencimiento) VALUES (154,'9362559695414','2023-12-20');
INSERT INTO Tarjeta(idMetodoPago,numTarjeta,fechaVencimiento) VALUES (155,'7819594705783','2023-08-02');
INSERT INTO Tarjeta(idMetodoPago,numTarjeta,fechaVencimiento) VALUES (162,'2863979394531','2024-04-25');
INSERT INTO Tarjeta(idMetodoPago,numTarjeta,fechaVencimiento) VALUES (165,'3774510917108','2023-05-19');
INSERT INTO Tarjeta(idMetodoPago,numTarjeta,fechaVencimiento) VALUES (169,'6354888900742','2023-04-17');
INSERT INTO Tarjeta(idMetodoPago,numTarjeta,fechaVencimiento) VALUES (174,'6135358432264','2024-01-28');
INSERT INTO Tarjeta(idMetodoPago,numTarjeta,fechaVencimiento) VALUES (176,'0386163319300','2023-04-27');
INSERT INTO Tarjeta(idMetodoPago,numTarjeta,fechaVencimiento) VALUES (179,'8576017347762','2023-02-20');
INSERT INTO Tarjeta(idMetodoPago,numTarjeta,fechaVencimiento) VALUES (183,'1925398844013','2023-04-02');
INSERT INTO Tarjeta(idMetodoPago,numTarjeta,fechaVencimiento) VALUES (186,'4864283542752','2023-08-08');
INSERT INTO Tarjeta(idMetodoPago,numTarjeta,fechaVencimiento) VALUES (188,'7435238786165','2024-05-13');
INSERT INTO Tarjeta(idMetodoPago,numTarjeta,fechaVencimiento) VALUES (189,'4548586614783','2023-08-27');
INSERT INTO Tarjeta(idMetodoPago,numTarjeta,fechaVencimiento) VALUES (196,'0453875808724','2024-02-28');
INSERT INTO Tarjeta(idMetodoPago,numTarjeta,fechaVencimiento) VALUES (198,'9157342383056','2023-06-14');
INSERT INTO Tarjeta(idMetodoPago,numTarjeta,fechaVencimiento) VALUES (208,'1709286884587','2024-06-27');
INSERT INTO Tarjeta(idMetodoPago,numTarjeta,fechaVencimiento) VALUES (211,'7950454477517','2023-06-02');
INSERT INTO Tarjeta(idMetodoPago,numTarjeta,fechaVencimiento) VALUES (214,'8288755137325','2023-06-23');
INSERT INTO Tarjeta(idMetodoPago,numTarjeta,fechaVencimiento) VALUES (216,'5602231524597','2023-04-30');
INSERT INTO Tarjeta(idMetodoPago,numTarjeta,fechaVencimiento) VALUES (217,'4084950979898','2024-04-16');
INSERT INTO Tarjeta(idMetodoPago,numTarjeta,fechaVencimiento) VALUES (221,'6115151810715','2023-07-17');
INSERT INTO Tarjeta(idMetodoPago,numTarjeta,fechaVencimiento) VALUES (222,'6169473494062','2023-07-02');
INSERT INTO Tarjeta(idMetodoPago,numTarjeta,fechaVencimiento) VALUES (224,'9382374704386','2023-01-07');
INSERT INTO Tarjeta(idMetodoPago,numTarjeta,fechaVencimiento) VALUES (231,'9012195283159','2023-06-05');
INSERT INTO Tarjeta(idMetodoPago,numTarjeta,fechaVencimiento) VALUES (238,'6585258306842','2023-06-29');
INSERT INTO Tarjeta(idMetodoPago,numTarjeta,fechaVencimiento) VALUES (241,'1697844219579','2023-09-23');
INSERT INTO Tarjeta(idMetodoPago,numTarjeta,fechaVencimiento) VALUES (242,'6419029101271','2023-03-27');
INSERT INTO Tarjeta(idMetodoPago,numTarjeta,fechaVencimiento) VALUES (246,'5917393626210','2024-01-27');

--Pedido
INSERT INTO Pedido(idPedido,CURPCliente,CURPEmpleado,tipo) VALUES (1,'NELK338534S6K00000','HYYN819653BOZNAMB9',1);
INSERT INTO Pedido(idPedido,CURPCliente,CURPEmpleado,tipo) VALUES (2,'FFIL004219LLAVJYA1','DUBL749266EWJEEML2',1);
INSERT INTO Pedido(idPedido,CURPCliente,CURPEmpleado,tipo) VALUES (3,'WGVR005087BKWUWLK2','NXSD215437QPQEGQB1',1);
INSERT INTO Pedido(idPedido,CURPCliente,CURPEmpleado,tipo) VALUES (4,'PGAU175916OGKJVLE0','VXAS568846SLPUDTM4',1);
INSERT INTO Pedido(idPedido,CURPCliente,CURPEmpleado,tipo) VALUES (5,'CQRQ687173MDFLXJZ5','SABQ648945JEVASMM5',1);
INSERT INTO Pedido(idPedido,CURPCliente,CURPEmpleado,tipo) VALUES (6,'TQLV283675KYLQDAC5','VXAS568846SLPUDTM4',0);
INSERT INTO Pedido(idPedido,CURPCliente,CURPEmpleado,tipo) VALUES (7,'JJQW377862IRAJHDO9','NXSD215437QPQEGQB1',0);
INSERT INTO Pedido(idPedido,CURPCliente,CURPEmpleado,tipo) VALUES (8,'QOWD922211FAUDWKY7','AAGW233180QISTGRL5',1);
INSERT INTO Pedido(idPedido,CURPCliente,CURPEmpleado,tipo) VALUES (9,'YTQR515703KYORVNX0','BWEW476614ILRUYRI2',0);
INSERT INTO Pedido(idPedido,CURPCliente,CURPEmpleado,tipo) VALUES (10,'BVZB193939PJAIAMK3','YTQR515703KYORVNX0',0);
INSERT INTO Pedido(idPedido,CURPCliente,CURPEmpleado,tipo) VALUES (11,'YGRV965353QDMHZTV4','YGRV965353QDMHZTV4',0);
INSERT INTO Pedido(idPedido,CURPCliente,CURPEmpleado,tipo) VALUES (12,'XJKO148536EROTWHD4','HEEP254346MKGRNPD9',1);
INSERT INTO Pedido(idPedido,CURPCliente,CURPEmpleado,tipo) VALUES (13,'HYYN819653BOZNAMB9','TTIT236509JQQFBZV6',0);
INSERT INTO Pedido(idPedido,CURPCliente,CURPEmpleado,tipo) VALUES (14,'ZLNL724930DQOWMZG0','WGLY222821QMXHJNT6',1);
INSERT INTO Pedido(idPedido,CURPCliente,CURPEmpleado,tipo) VALUES (15,'LAMB760791BBPJTJQ7','WGLY222821QMXHJNT6',1);
INSERT INTO Pedido(idPedido,CURPCliente,CURPEmpleado,tipo) VALUES (16,'TNLP581891BIDRXLV4','DLLA916432FFYAESW0',1);
INSERT INTO Pedido(idPedido,CURPCliente,CURPEmpleado,tipo) VALUES (17,'FQHB217231ZBRPKKS9','LKLO412720RFBZVZH2',0);
INSERT INTO Pedido(idPedido,CURPCliente,CURPEmpleado,tipo) VALUES (18,'GSTJ730982OPGGYHM3','JMXU732448WNSEMIU1',1);
INSERT INTO Pedido(idPedido,CURPCliente,CURPEmpleado,tipo) VALUES (19,'ZCQQ412428FKZUBRC2','HEEP254346MKGRNPD9',1);
INSERT INTO Pedido(idPedido,CURPCliente,CURPEmpleado,tipo) VALUES (20,'VEYY005756DWVCKAQ0','DUBL749266EWJEEML2',0);
INSERT INTO Pedido(idPedido,CURPCliente,CURPEmpleado,tipo) VALUES (21,'EMTF408322INAZHQC9','PTJV012724ULFHNWD7',1);
INSERT INTO Pedido(idPedido,CURPCliente,CURPEmpleado,tipo) VALUES (22,'MGQL948231GJJFUMP7','ZNPK934724SGCDVIB2',1);
INSERT INTO Pedido(idPedido,CURPCliente,CURPEmpleado,tipo) VALUES (23,'ZMZJ155553TXXDBHR9','YRRX521639BIKWOZQ9',0);
INSERT INTO Pedido(idPedido,CURPCliente,CURPEmpleado,tipo) VALUES (24,'FQJG820667KEZROIW6','CQRQ687173MDFLXJZ5',0);
INSERT INTO Pedido(idPedido,CURPCliente,CURPEmpleado,tipo) VALUES (25,'LMNU795110RYJDOZP9','CQRQ687173MDFLXJZ5',1);
INSERT INTO Pedido(idPedido,CURPCliente,CURPEmpleado,tipo) VALUES (26,'XVEG348531OKNKOOG5','CQRQ687173MDFLXJZ5',1);
INSERT INTO Pedido(idPedido,CURPCliente,CURPEmpleado,tipo) VALUES (27,'DONB732900RTHLLRC2','CQRQ687173MDFLXJZ5',1);
INSERT INTO Pedido(idPedido,CURPCliente,CURPEmpleado,tipo) VALUES (28,'SOEC446634EKCNHWG1','BGTO614896CZJYTKS2',1);
INSERT INTO Pedido(idPedido,CURPCliente,CURPEmpleado,tipo) VALUES (29,'ZUYA165363HWKZZOU5','BGTO614896CZJYTKS2',0);
INSERT INTO Pedido(idPedido,CURPCliente,CURPEmpleado,tipo) VALUES (30,'DKNI788011CSNHFDL7','HEEP254346MKGRNPD9',0);
INSERT INTO Pedido(idPedido,CURPCliente,CURPEmpleado,tipo) VALUES (31,'NFCE955788KXPSSOC0','JMXU732448WNSEMIU1',0);
INSERT INTO Pedido(idPedido,CURPCliente,CURPEmpleado,tipo) VALUES (32,'ZIBH430027EFBHGTY4','WGLY222821QMXHJNT6',1);
INSERT INTO Pedido(idPedido,CURPCliente,CURPEmpleado,tipo) VALUES (33,'VOST631886OATCCKC2','KYDO570991SLNTUTJ5',1);
INSERT INTO Pedido(idPedido,CURPCliente,CURPEmpleado,tipo) VALUES (34,'EMTF408322INAZHQC9','DUBL749266EWJEEML2',0);
INSERT INTO Pedido(idPedido,CURPCliente,CURPEmpleado,tipo) VALUES (35,'AVRC592773VBWUNMI9','IHYS472390FFLYSTU5',1);
INSERT INTO Pedido(idPedido,CURPCliente,CURPEmpleado,tipo) VALUES (36,'BVUB204057QTEHLHT0','CQRQ687173MDFLXJZ5',0);
INSERT INTO Pedido(idPedido,CURPCliente,CURPEmpleado,tipo) VALUES (37,'DYCQ012762OEPQYEK7','ALSL166356ZZHYQBA5',1);
INSERT INTO Pedido(idPedido,CURPCliente,CURPEmpleado,tipo) VALUES (38,'NFCE955788KXPSSOC0','PTJV012724ULFHNWD7',1);
INSERT INTO Pedido(idPedido,CURPCliente,CURPEmpleado,tipo) VALUES (39,'HEGG736193OVYLMWQ9','BGTO614896CZJYTKS2',1);
INSERT INTO Pedido(idPedido,CURPCliente,CURPEmpleado,tipo) VALUES (40,'GCFX275866PLDKOSB1','YRRX521639BIKWOZQ9',1);
INSERT INTO Pedido(idPedido,CURPCliente,CURPEmpleado,tipo) VALUES (41,'PTJV012724ULFHNWD7','BWEW476614ILRUYRI2',1);
INSERT INTO Pedido(idPedido,CURPCliente,CURPEmpleado,tipo) VALUES (42,'SGXB949602FLEXZXP6','YYKR237365FBNFDZG7',0);
INSERT INTO Pedido(idPedido,CURPCliente,CURPEmpleado,tipo) VALUES (43,'IHYS472390FFLYSTU5','YYKR237365FBNFDZG7',0);
INSERT INTO Pedido(idPedido,CURPCliente,CURPEmpleado,tipo) VALUES (44,'FKJZ251074YBVCLUI7','VEYY005756DWVCKAQ0',1);
INSERT INTO Pedido(idPedido,CURPCliente,CURPEmpleado,tipo) VALUES (45,'EOGL267825ZGTKSRY9','TXEC326117EDBZSJW4',0);
INSERT INTO Pedido(idPedido,CURPCliente,CURPEmpleado,tipo) VALUES (46,'HDIW000099BIVEDTI6','LQUW431029CNDZGDI7',0);
INSERT INTO Pedido(idPedido,CURPCliente,CURPEmpleado,tipo) VALUES (47,'FEVX028111BKPXCAA8','HYYN819653BOZNAMB9',1);
INSERT INTO Pedido(idPedido,CURPCliente,CURPEmpleado,tipo) VALUES (48,'PXXG243718OSFANHF8','ALSL166356ZZHYQBA5',0);
INSERT INTO Pedido(idPedido,CURPCliente,CURPEmpleado,tipo) VALUES (49,'PPMD267736ORUSWPO7','DLLA916432FFYAESW0',1);
INSERT INTO Pedido(idPedido,CURPCliente,CURPEmpleado,tipo) VALUES (50,'WZTI766762GOBLCIB8','AAGW233180QISTGRL5',0);
INSERT INTO Pedido(idPedido,CURPCliente,CURPEmpleado,tipo) VALUES (51,'WZTI766762GOBLCIB8','AXHN827039PERTWKA7',0);
INSERT INTO Pedido(idPedido,CURPCliente,CURPEmpleado,tipo) VALUES (52,'HDIW000099BIVEDTI6','AXHN827039PERTWKA7',0);


--Recibo
insert into Recibo (idRecibo, idPedido, idMetodoPago, fecha, total) values (1, '1', 1, '2022-03-26', 396);
insert into Recibo (idRecibo, idPedido, idMetodoPago, fecha, total) values (2, '2', 2, '2022-04-16', 460);
insert into Recibo (idRecibo, idPedido, idMetodoPago, fecha, total) values (3, '3', 3, '2022-01-15', 605);
insert into Recibo (idRecibo, idPedido, idMetodoPago, fecha, total) values (4, '4', 4, '2022-04-10', 1074);
insert into Recibo (idRecibo, idPedido, idMetodoPago, fecha, total) values (5, '5', 5, '2022-04-02', 1132);
insert into Recibo (idRecibo, idPedido, idMetodoPago, fecha, total) values (6, '6', 6, '2021-12-30', 771);
insert into Recibo (idRecibo, idPedido, idMetodoPago, fecha, total) values (7, '7', 7, '2022-04-25', 106);
insert into Recibo (idRecibo, idPedido, idMetodoPago, fecha, total) values (8, '8', 8, '2021-12-21', 821);
insert into Recibo (idRecibo, idPedido, idMetodoPago, fecha, total) values (9, '9', 9, '2021-11-18', 1393);
insert into Recibo (idRecibo, idPedido, idMetodoPago, fecha, total) values (10, '10', 10, '2022-01-30', 608);
insert into Recibo (idRecibo, idPedido, idMetodoPago, fecha, total) values (11, '11', 11, '2021-12-15', 956);
insert into Recibo (idRecibo, idPedido, idMetodoPago, fecha, total) values (12, '12', 12, '2022-03-12', 598);
insert into Recibo (idRecibo, idPedido, idMetodoPago, fecha, total) values (13, '13', 13, '2021-10-26', 158);
insert into Recibo (idRecibo, idPedido, idMetodoPago, fecha, total) values (14, '14', 14, '2022-05-20', 181);
insert into Recibo (idRecibo, idPedido, idMetodoPago, fecha, total) values (15, '15', 15, '2021-11-07', 460);
insert into Recibo (idRecibo, idPedido, idMetodoPago, fecha, total) values (16, '16', 16, '2022-01-01', 1303);
insert into Recibo (idRecibo, idPedido, idMetodoPago, fecha, total) values (17, '17', 17, '2021-12-24', 1400);
insert into Recibo (idRecibo, idPedido, idMetodoPago, fecha, total) values (18, '18', 18, '2022-02-14', 451);
insert into Recibo (idRecibo, idPedido, idMetodoPago, fecha, total) values (19, '19', 19, '2021-11-01', 173);
insert into Recibo (idRecibo, idPedido, idMetodoPago, fecha, total) values (20, '20', 20, '2022-05-02', 1277);
insert into Recibo (idRecibo, idPedido, idMetodoPago, fecha, total) values (21, '21', 21, '2021-11-06', 870);
insert into Recibo (idRecibo, idPedido, idMetodoPago, fecha, total) values (22, '22', 22, '2022-06-01', 323);
insert into Recibo (idRecibo, idPedido, idMetodoPago, fecha, total) values (23, '23', 23, '2021-12-27', 759);
insert into Recibo (idRecibo, idPedido, idMetodoPago, fecha, total) values (24, '24', 24, '2021-11-09', 1270);
insert into Recibo (idRecibo, idPedido, idMetodoPago, fecha, total) values (25, '25', 25, '2021-12-17', 541);
insert into Recibo (idRecibo, idPedido, idMetodoPago, fecha, total) values (26, '26', 26, '2022-04-25', 622);
insert into Recibo (idRecibo, idPedido, idMetodoPago, fecha, total) values (27, '27', 27, '2022-06-12', 336);
insert into Recibo (idRecibo, idPedido, idMetodoPago, fecha, total) values (28, '28', 28, '2022-02-05', 152);
insert into Recibo (idRecibo, idPedido, idMetodoPago, fecha, total) values (29, '29', 29, '2022-01-17', 215);
insert into Recibo (idRecibo, idPedido, idMetodoPago, fecha, total) values (30, '30', 30, '2022-03-30', 1182);
insert into Recibo (idRecibo, idPedido, idMetodoPago, fecha, total) values (31, '31', 31, '2021-11-21', 769);
insert into Recibo (idRecibo, idPedido, idMetodoPago, fecha, total) values (32, '32', 32, '2021-12-26', 688);
insert into Recibo (idRecibo, idPedido, idMetodoPago, fecha, total) values (33, '33', 33, '2021-11-11', 1275);
insert into Recibo (idRecibo, idPedido, idMetodoPago, fecha, total) values (34, '34', 34, '2021-11-19', 776);
insert into Recibo (idRecibo, idPedido, idMetodoPago, fecha, total) values (35, '35', 35, '2021-12-24', 1384);
insert into Recibo (idRecibo, idPedido, idMetodoPago, fecha, total) values (36, '36', 36, '2022-04-24', 338);
insert into Recibo (idRecibo, idPedido, idMetodoPago, fecha, total) values (37, '37', 37, '2021-12-04', 765);
insert into Recibo (idRecibo, idPedido, idMetodoPago, fecha, total) values (38, '38', 38, '2022-03-16', 690);
insert into Recibo (idRecibo, idPedido, idMetodoPago, fecha, total) values (39, '39', 39, '2022-02-17', 1301);
insert into Recibo (idRecibo, idPedido, idMetodoPago, fecha, total) values (40, '40', 40, '2022-05-21', 213);
insert into Recibo (idRecibo, idPedido, idMetodoPago, fecha, total) values (41, '41', 41, '2021-12-30', 383);
insert into Recibo (idRecibo, idPedido, idMetodoPago, fecha, total) values (42, '42', 42, '2022-02-28', 616);
insert into Recibo (idRecibo, idPedido, idMetodoPago, fecha, total) values (43, '43', 43, '2022-05-02', 382);
insert into Recibo (idRecibo, idPedido, idMetodoPago, fecha, total) values (44, '44', 44, '2022-05-31', 120);
insert into Recibo (idRecibo, idPedido, idMetodoPago, fecha, total) values (45, '45', 45, '2022-03-21', 243);
insert into Recibo (idRecibo, idPedido, idMetodoPago, fecha, total) values (46, '46', 46, '2022-05-01', 1110);
insert into Recibo (idRecibo, idPedido, idMetodoPago, fecha, total) values (47, '47', 47, '2022-06-11', 1462);
insert into Recibo (idRecibo, idPedido, idMetodoPago, fecha, total) values (48, '48', 48, '2022-02-05', 884);
insert into Recibo (idRecibo, idPedido, idMetodoPago, fecha, total) values (49, '49', 49, '2022-02-24', 196);
insert into Recibo (idRecibo, idPedido, idMetodoPago, fecha, total) values (50, '50', 50, '2021-12-31', 513);
insert into Recibo (idRecibo, idPedido, idMetodoPago, fecha, total) values (51, '52', 52, '2021-12-02', 645);
insert into Recibo (idRecibo, idPedido, idMetodoPago, fecha, total) values (52, '52', 52, '2021-08-24', 360);

--Pedir
INSERT INTO Pedir(idPedido,idProductoAlimenticio) VALUES (1,8);
INSERT INTO Pedir(idPedido,idProductoAlimenticio) VALUES (2,21);
INSERT INTO Pedir(idPedido,idProductoAlimenticio) VALUES (3,15);
INSERT INTO Pedir(idPedido,idProductoAlimenticio) VALUES (4,16);
INSERT INTO Pedir(idPedido,idProductoAlimenticio) VALUES (5,20);
INSERT INTO Pedir(idPedido,idProductoAlimenticio) VALUES (6,9);
INSERT INTO Pedir(idPedido,idProductoAlimenticio) VALUES (7,13);
INSERT INTO Pedir(idPedido,idProductoAlimenticio) VALUES (8,9);
INSERT INTO Pedir(idPedido,idProductoAlimenticio) VALUES (9,14);
INSERT INTO Pedir(idPedido,idProductoAlimenticio) VALUES (10,15);
INSERT INTO Pedir(idPedido,idProductoAlimenticio) VALUES (11,16);
INSERT INTO Pedir(idPedido,idProductoAlimenticio) VALUES (12,15);
INSERT INTO Pedir(idPedido,idProductoAlimenticio) VALUES (13,20);
INSERT INTO Pedir(idPedido,idProductoAlimenticio) VALUES (14,17);
INSERT INTO Pedir(idPedido,idProductoAlimenticio) VALUES (15,4);
INSERT INTO Pedir(idPedido,idProductoAlimenticio) VALUES (16,7);
INSERT INTO Pedir(idPedido,idProductoAlimenticio) VALUES (17,17);
INSERT INTO Pedir(idPedido,idProductoAlimenticio) VALUES (18,9);
INSERT INTO Pedir(idPedido,idProductoAlimenticio) VALUES (19,18);
INSERT INTO Pedir(idPedido,idProductoAlimenticio) VALUES (20,5);
INSERT INTO Pedir(idPedido,idProductoAlimenticio) VALUES (21,5);
INSERT INTO Pedir(idPedido,idProductoAlimenticio) VALUES (22,11);
INSERT INTO Pedir(idPedido,idProductoAlimenticio) VALUES (23,16);
INSERT INTO Pedir(idPedido,idProductoAlimenticio) VALUES (24,6);
INSERT INTO Pedir(idPedido,idProductoAlimenticio) VALUES (25,15);
INSERT INTO Pedir(idPedido,idProductoAlimenticio) VALUES (26,16);
INSERT INTO Pedir(idPedido,idProductoAlimenticio) VALUES (27,13);
INSERT INTO Pedir(idPedido,idProductoAlimenticio) VALUES (28,11);
INSERT INTO Pedir(idPedido,idProductoAlimenticio) VALUES (29,16);
INSERT INTO Pedir(idPedido,idProductoAlimenticio) VALUES (30,15);
INSERT INTO Pedir(idPedido,idProductoAlimenticio) VALUES (31,3);
INSERT INTO Pedir(idPedido,idProductoAlimenticio) VALUES (32,6);
INSERT INTO Pedir(idPedido,idProductoAlimenticio) VALUES (33,9);
INSERT INTO Pedir(idPedido,idProductoAlimenticio) VALUES (34,16);
INSERT INTO Pedir(idPedido,idProductoAlimenticio) VALUES (35,2);
INSERT INTO Pedir(idPedido,idProductoAlimenticio) VALUES (36,20);
INSERT INTO Pedir(idPedido,idProductoAlimenticio) VALUES (37,5);
INSERT INTO Pedir(idPedido,idProductoAlimenticio) VALUES (38,21);
INSERT INTO Pedir(idPedido,idProductoAlimenticio) VALUES (39,5);
INSERT INTO Pedir(idPedido,idProductoAlimenticio) VALUES (40,6);
INSERT INTO Pedir(idPedido,idProductoAlimenticio) VALUES (41,12);
INSERT INTO Pedir(idPedido,idProductoAlimenticio) VALUES (42,14);
INSERT INTO Pedir(idPedido,idProductoAlimenticio) VALUES (43,12);
INSERT INTO Pedir(idPedido,idProductoAlimenticio) VALUES (44,10);
INSERT INTO Pedir(idPedido,idProductoAlimenticio) VALUES (45,21);
INSERT INTO Pedir(idPedido,idProductoAlimenticio) VALUES (46,18);
INSERT INTO Pedir(idPedido,idProductoAlimenticio) VALUES (47,8);
INSERT INTO Pedir(idPedido,idProductoAlimenticio) VALUES (48,3);
INSERT INTO Pedir(idPedido,idProductoAlimenticio) VALUES (49,17);
INSERT INTO Pedir(idPedido,idProductoAlimenticio) VALUES (50,8);
INSERT INTO Pedir(idPedido,idProductoAlimenticio) VALUES (1,10);
INSERT INTO Pedir(idPedido,idProductoAlimenticio) VALUES (2,16);
INSERT INTO Pedir(idPedido,idProductoAlimenticio) VALUES (3,20);
INSERT INTO Pedir(idPedido,idProductoAlimenticio) VALUES (4,20);
INSERT INTO Pedir(idPedido,idProductoAlimenticio) VALUES (5,20);
INSERT INTO Pedir(idPedido,idProductoAlimenticio) VALUES (6,4);
INSERT INTO Pedir(idPedido,idProductoAlimenticio) VALUES (7,9);
INSERT INTO Pedir(idPedido,idProductoAlimenticio) VALUES (8,11);
INSERT INTO Pedir(idPedido,idProductoAlimenticio) VALUES (9,11);
INSERT INTO Pedir(idPedido,idProductoAlimenticio) VALUES (10,17);
INSERT INTO Pedir(idPedido,idProductoAlimenticio) VALUES (11,11);
INSERT INTO Pedir(idPedido,idProductoAlimenticio) VALUES (12,21);
INSERT INTO Pedir(idPedido,idProductoAlimenticio) VALUES (13,11);
INSERT INTO Pedir(idPedido,idProductoAlimenticio) VALUES (14,2);
INSERT INTO Pedir(idPedido,idProductoAlimenticio) VALUES (15,16);
INSERT INTO Pedir(idPedido,idProductoAlimenticio) VALUES (16,15);
INSERT INTO Pedir(idPedido,idProductoAlimenticio) VALUES (17,8);
INSERT INTO Pedir(idPedido,idProductoAlimenticio) VALUES (18,16);
INSERT INTO Pedir(idPedido,idProductoAlimenticio) VALUES (19,4);
INSERT INTO Pedir(idPedido,idProductoAlimenticio) VALUES (20,5);
INSERT INTO Pedir(idPedido,idProductoAlimenticio) VALUES (21,18);
INSERT INTO Pedir(idPedido,idProductoAlimenticio) VALUES (22,10);
INSERT INTO Pedir(idPedido,idProductoAlimenticio) VALUES (23,20);
INSERT INTO Pedir(idPedido,idProductoAlimenticio) VALUES (24,5);
INSERT INTO Pedir(idPedido,idProductoAlimenticio) VALUES (25,12);
INSERT INTO Pedir(idPedido,idProductoAlimenticio) VALUES (26,17);
INSERT INTO Pedir(idPedido,idProductoAlimenticio) VALUES (27,10);
INSERT INTO Pedir(idPedido,idProductoAlimenticio) VALUES (28,9);
INSERT INTO Pedir(idPedido,idProductoAlimenticio) VALUES (29,1);
INSERT INTO Pedir(idPedido,idProductoAlimenticio) VALUES (30,15);
INSERT INTO Pedir(idPedido,idProductoAlimenticio) VALUES (31,1);
INSERT INTO Pedir(idPedido,idProductoAlimenticio) VALUES (32,21);
INSERT INTO Pedir(idPedido,idProductoAlimenticio) VALUES (33,16);
INSERT INTO Pedir(idPedido,idProductoAlimenticio) VALUES (34,4);
INSERT INTO Pedir(idPedido,idProductoAlimenticio) VALUES (35,16);
INSERT INTO Pedir(idPedido,idProductoAlimenticio) VALUES (36,10);
INSERT INTO Pedir(idPedido,idProductoAlimenticio) VALUES (37,21);
INSERT INTO Pedir(idPedido,idProductoAlimenticio) VALUES (38,6);
INSERT INTO Pedir(idPedido,idProductoAlimenticio) VALUES (39,10);
INSERT INTO Pedir(idPedido,idProductoAlimenticio) VALUES (40,7);
INSERT INTO Pedir(idPedido,idProductoAlimenticio) VALUES (41,13);
INSERT INTO Pedir(idPedido,idProductoAlimenticio) VALUES (42,20);
INSERT INTO Pedir(idPedido,idProductoAlimenticio) VALUES (43,21);
INSERT INTO Pedir(idPedido,idProductoAlimenticio) VALUES (44,4);
INSERT INTO Pedir(idPedido,idProductoAlimenticio) VALUES (45,19);
INSERT INTO Pedir(idPedido,idProductoAlimenticio) VALUES (46,15);
INSERT INTO Pedir(idPedido,idProductoAlimenticio) VALUES (47,1);
INSERT INTO Pedir(idPedido,idProductoAlimenticio) VALUES (48,1);
INSERT INTO Pedir(idPedido,idProductoAlimenticio) VALUES (49,7);
INSERT INTO Pedir(idPedido,idProductoAlimenticio) VALUES (50,9);
INSERT INTO Pedir(idPedido,idProductoAlimenticio) VALUES (51,2);
INSERT INTO Pedir(idPedido,idProductoAlimenticio) VALUES (52,15);
